package_name,repo_url,changelog_file,migration_file,readme_breaking_file,breaking_change_in_releases,other_files,event_exist,reason,external,ext
eslint,https://github.com/eslint/eslint,CHANGELOG.md,,,TRUE,docs/src/use/migrat*.md,TRUE,,https://eslint.org/docs/latest/use/migrate-to-9.0.0,https://eslint.org
react,https://github.com/facebook/react,CHANGELOG.md,,,TRUE,,TRUE,,,https://react.dev
mocha,https://github.com/mochajs/mocha,CHANGELOG.md,,,TRUE,,TRUE,,,https://mochajs.org
prettier,https://github.com/prettier/prettier,CHANGELOG.md,,,TRUE,website/*,TRUE,,,https://prettier.io
react-dom,https://github.com/facebook/react,CHANGELOG.md,,,TRUE,website /*,TRUE,,,https://react.dev
webpack,https://github.com/webpack/webpack,,,,TRUE,,TRUE,,https://webpack.js.org/migrate/,https://webpack.js.org
chai,https://github.com/chaijs/chai,,,,TRUE,,TRUE,,,https://chaijs.github.io
axios,https://github.com/axios/axios,CHANGELOG.md,MIGRATION_GUIDE.md,,TRUE,,TRUE,,,https://axios-http.com
babel-loader,https://github.com/babel/babel-loader,,,,TRUE,,TRUE,,,
eslint-plugin-import,https://github.com/import-js/eslint-plugin-import,CHANGELOG.md,,,TRUE,,TRUE,,,
rollup,https://github.com/rollup/rollup,CHANGELOG.md,,,TRUE,,TRUE,,https://rollupjs.org/migration,https://rollupjs.org
eslint-config-prettier,https://github.com/prettier/eslint-config-prettier,CHANGELOG.md,,,FALSE,,,,,https://npm.im/eslint-config-prettier
eslint-plugin-prettier,https://github.com/prettier/eslint-plugin-prettier,CHANGELOG.md,,,TRUE,,TRUE,,,https://npm.im/eslint-plugin-prettier
babel-eslint,https://github.com/babel/babel-eslint,,,,TRUE,,TRUE,,,https://github.com/babel/babel/tree/main/eslint/babel-eslint-parser
chalk,https://github.com/chalk/chalk,,,,TRUE,,,,,
eslint-plugin-react,https://github.com/jsx-eslint/eslint-plugin-react,CHANGELOG.md,,,TRUE,,TRUE,,,
express,https://github.com/expressjs/express,,,,TRUE,History.md,TRUE,,,https://expressjs.com
husky,https://github.com/typicode/husky,,,,TRUE,,,,https://typicode.github.io/husky/migrate-from-v4.html,https://typicode.github.io/husky
webpack-cli,https://github.com/webpack/webpack-cli,CHANGELOG.md,,,TRUE,,TRUE,,,https://webpack.js.org/api/cli
next,https://github.com/vercel/next.js,,,,TRUE,,TRUE,,https://nextjs.org/docs/app/guides/upgrading/,https://nextjs.org
css-loader,https://github.com/webpack-contrib/css-loader,CHANGELOG.md,,,TRUE,,TRUE,,,
eslint-config-next,https://github.com/vercel/next.js,,,,TRUE,,TRUE,,https://nextjs.org/docs/app/guides/upgrading/,https://nextjs.org
lodash,https://github.com/lodash/lodash,,,,TRUE,,,,https://github.com/lodash/lodash/wiki/Changelog,https://lodash.com/
cross-env,https://github.com/kentcdodds/cross-env,,,,TRUE,,TRUE,,,https://www.npmjs.com/package/cross-env
style-loader,https://github.com/webpack-contrib/style-loader,CHANGELOG.md,,,TRUE,,TRUE,,,
lint-staged,https://github.com/lint-staged/lint-staged,CHANGELOG.md,MIGRATION.md,,TRUE,,,,,https://www.npmjs.com/package/lint-staged
autoprefixer,https://github.com/postcss/autoprefixer,CHANGELOG.md,,,TRUE,,,,,https://twitter.com/autoprefixer
commander,https://github.com/tj/commander.js,CHANGELOG.md,,,TRUE,,TRUE,,,
babel-preset-env,https://github.com/babel/babel-preset-env,CHANGELOG.md,,README.md,TRUE,,TRUE,,,https://github.com/babel/babel/tree/master/packages/babel-preset-env
fs-extra,https://github.com/jprichardson/node-fs-extra,CHANGELOG.md,,,FALSE,,TRUE,,,
gulp,https://github.com/gulpjs/gulp,CHANGELOG.md,,,TRUE,,,,https://github.com/gulpjs/gulp/tree/master/docs/api,https://gulpjs.com
dotenv,https://github.com/motdotla/dotenv,CHANGELOG.md,,,FALSE,,,,,https://www.dotenvx.com
sass-loader,https://github.com/webpack-contrib/sass-loader,CHANGELOG.md,,README.md,TRUE,,TRUE,,,
sinon,https://github.com/sinonjs/sinon,CHANGES.md,"/docs/guides
/migration-guide.md",,TRUE,,TRUE,,,https://sinonjs.org/
moment,https://github.com/moment/moment,CHANGELOG.md,,,FALSE,,TRUE,,https://gist.github.com/timrwood/e72f2eef320ed9e37c51,momentjs.com
node-sass,https://github.com/sass/node-sass,,,,TRUE,,TRUE,,,https://npmjs.org/package/node-sass
core-js,https://github.com/zloirock/core-js,CHANGELOG.md,,README.md,TRUE,,TRUE,,,
sass,https://github.com/sass/dart-sass,CHANGELOG.md,,README.md,TRUE,,,,,https://sass-lang.com/dart-sass
eslint-plugin-promise,https://github.com/eslint-community/eslint-plugin-promise,CHANGELOG.md,,,TRUE,,TRUE,,https://sass-lang.com/documentation/breaking-changes/,
@rollup/plugin-node-resolve,https://github.com/rollup/plugins,CHANGELOG.md,,,FALSE,,TRUE,,,
prop-types,https://github.com/facebook/prop-types,CHANGELOG.md,,,FALSE,,TRUE,,,
html-webpack-plugin,https://github.com/jantimon/html-webpack-plugin,CHANGELOG.md,migration.md,,FALSE,,TRUE,,,
nyc,https://github.com/istanbuljs/nyc,CHANGELOG.md,,,TRUE,,TRUE,,,https://istanbul.js.org/
eslint-plugin-react-hooks,https://github.com/facebook/react,CHANGELOG.md,,,TRUE,,TRUE,,,https://react.dev
@testing-library/react,https://github.com/testing-library/react-testing-library,,,,TRUE,,TRUE,,,https://testing-library.com/react
eslint-plugin-node,https://github.com/mysticatea/eslint-plugin-node,,,,TRUE,,TRUE,,,
file-loader,https://github.com/webpack-contrib/file-loader,CHANGELOG.md,,,TRUE,,TRUE,,,
eslint-plugin-jsx-a11y,https://github.com/jsx-eslint/eslint-plugin-jsx-a11y,CHANGELOG.md,,,TRUE,,,,,
@rollup/plugin-commonjs,https://github.com/rollup/plugins,CHANGELOG.md,,,FALSE,,TRUE,,,
request,https://github.com/request/request,,,,FALSE,,,no,,
eslint-plugin-vue,https://github.com/vuejs/eslint-plugin-vue,,,,TRUE,,TRUE,,,https://eslint.vuejs.org/
npm-run-all,https://github.com/mysticatea/npm-run-all,,,,TRUE,,TRUE,,,
debug,https://github.com/debug-js/debug,,,,TRUE,,TRUE,,,
@testing-library/jest-dom,https://github.com/testing-library/jest-dom,,,README.md,TRUE,,TRUE,,,https://testing-library.com/docs/ecosystem-jest-dom
karma,https://github.com/karma-runner/karma,CHANGELOG.md,,,TRUE,,TRUE,,,http://karma-runner.github.io
coveralls,https://github.com/nickmerwin/node-coveralls,,,,TRUE,,,,,
react-scripts,https://github.com/facebook/create-react-app,CHANGELOG.md,,,TRUE,,TRUE,,,https://create-react-app.dev
postcss-loader,https://github.com/webpack-contrib/postcss-loader,CHANGELOG.md,,,TRUE,,TRUE,,,
yargs,https://github.com/yargs/yargs,CHANGELOG.md,,,TRUE,,TRUE,,,https://yargs.js.org/
eslint-config-airbnb,https://github.com/airbnb/javascript,packages/eslint-config-airbnb/CHANGELOG.md,,,FALSE,,TRUE,,,
eslint-plugin-standard,https://github.com/standard/eslint-plugin-standard,,,,FALSE,,,no,,
url-loader,https://github.com/webpack-contrib/url-loader,CHANGELOG.md,,,TRUE,,TRUE,,,
semver,https://github.com/npm/node-semver,,,,FALSE,,,,,
istanbul,https://github.com/gotwarlost/istanbul,CHANGELOG.md,,,FALSE,,,,,
rollup-plugin-terser,https://github.com/TrySound/rollup-plugin-terser,,,,TRUE,,,,,
nodemon,https://github.com/remy/nodemon,,,,TRUE,,TRUE,,,http://nodemon.io/
rollup-plugin-node-resolve,https://github.com/rollup/rollup-plugin-node-resolve,CHANGELOG.md,,,FALSE,,,,,
rollup-plugin-babel,https://github.com/rollup/rollup-plugin-babel,CHANGELOG.md,,,FALSE,,,,,
eslint-config-airbnb-base,https://github.com/airbnb/javascript,CHANGELOG.md,,,FALSE,,TRUE,,,
node-fetch,https://github.com/bitinn/node-fetch,,UPGRADE*.md,,TRUE,,,,,
karma-chrome-launcher,https://github.com/karma-runner/karma-chrome-launcher,CHANGELOG.md,,,FALSE,,,no,,
jsdom,https://github.com/jsdom/jsdom,Changelog.md,,,TRUE,,TRUE,,,
@vue/cli-service,https://github.com/vuejs/vue-cli,CHANGELOG.md,docs/migrations/migrate*.md,,TRUE,,TRUE,,,https://cli.vuejs.org/
rollup-plugin-commonjs,https://github.com/rollup/rollup-plugin-commonjs,CHANGELOG.md,,,FALSE,,,,,
classnames,https://github.com/JedWatson/classnames,,,,FALSE,HISTORY.md,TRUE,,,
@vue/cli-plugin-babel,https://github.com/vuejs/vue-cli,CHANGELOG.md,docs/migrations/migrate*.md,,TRUE,,TRUE,,,https://cli.vuejs.org/
grunt,https://github.com/gruntjs/grunt,CHANGELOG,,,TRUE,,TRUE,,https://gruntjs.com/upgrading-from-0.4-to-1.0,http://gruntjs.com/
@rollup/plugin-typescript,https://github.com/rollup/plugins,packages/typescript/CHANGELOG.md,,,FALSE,,TRUE,,,
semantic-release,https://github.com/semantic-release/semantic-release,,,,TRUE,,TRUE,,,https://semantic-release.gitbook.io
less,https://github.com/less/less.js,CHANGELOG.md,,,TRUE,,,,,http://lesscss.org
extract-text-webpack-plugin,https://github.com/webpack-contrib/extract-text-webpack-plugin,CHANGELOG.md,,,TRUE,,TRUE,,,
tape,https://github.com/tape-testing/tape,CHANGELOG.md,,,FALSE,,TRUE,,,
react-test-renderer,https://github.com/facebook/react,CHANGELOG.md,,,TRUE,,TRUE,,,https://react.dev
async,https://github.com/caolan/async,CHANGELOG.md,,,TRUE,,TRUE,,http://caolan.github.io/async/,http://caolan.github.io/async/
ora,https://github.com/sindresorhus/ora,,,,TRUE,,,,,
ava,https://github.com/avajs/ava,,,,TRUE,,TRUE,,,
minimist,https://github.com/minimistjs/minimist,,,,FALSE,,TRUE,,,
@vue/cli-plugin-eslint,https://github.com/vuejs/vue-cli,CHANGELOG.md,docs/migrations/migrate*.md,,TRUE,,TRUE,,,https://cli.vuejs.org/
standard,https://github.com/standard/standard,CHANGELOG.md,,,TRUE,,,,,https://standardjs.com
eslint-loader,https://github.com/webpack-contrib/eslint-loader,CHANGELOG.md,,README.md,TRUE,,,,,
browserify,https://github.com/browserify/browserify,changelog.markdown,,,TRUE,,,,,http://browserify.org/
jquery,https://github.com/jquery/jquery,,,,TRUE,,,,https://api.jquery.com,https://jquery.com
bluebird,https://github.com/petkaantonov/bluebird,changelog.md,,,TRUE,,TRUE,,,http://bluebirdjs.com
mini-css-extract-plugin,https://github.com/webpack-contrib/mini-css-extract-plugin,CHANGELOG.md,,,TRUE,,TRUE,,,
rollup-plugin-postcss,https://github.com/egoist/rollup-plugin-postcss,CHANGELOG-OLD.md,,,TRUE,,TRUE,,,
less-loader,https://github.com/webpack-contrib/less-loader,CHANGELOG.md,,,TRUE,,TRUE,,,
mongoose,https://github.com/Automattic/mongoose,CHANGELOG.md,,,TRUE,deprecations.md; migrat*.md,TRUE,,,https://mongoosejs.com
karma-jasmine,https://github.com/karma-runner/karma-jasmine,CHANGELOG.md,,,TRUE,,TRUE,,,
enzyme,https://github.com/airbnb/enzyme,CHANGELOG.md,,README.md,FALSE,,TRUE,,,https://enzymejs.github.io/enzyme/
gh-pages,https://github.com/tschaub/gh-pages,changelog.md,,,TRUE,,,,,https://www.npmjs.com/package/gh-pages
copy-webpack-plugin,https://github.com/webpack-contrib/copy-webpack-plugin,CHANGELOG.md,,,TRUE,,TRUE,,,
should,https://github.com/shouldjs/should.js,,,,TRUE,History.md,,,,http://shouldjs.github.io
colors,https://github.com/Marak/colors.js,,,,FALSE,,,only one,, https://github.com/Marak/colors.js
jasmine-core,https://github.com/jasmine/jasmine,,,,TRUE,,,,https://jasmine.github.io/upgrade-guides/5.0,http://jasmine.github.io/
@rollup/plugin-babel,https://github.com/rollup/plugins,packages/babel/CHANGELOG.md,,,FALSE,,TRUE,,,
webpack-dev-server,https://github.com/webpack/webpack-dev-server,CHANGELOG.md,migration*.md,,TRUE,,TRUE,,,
rollup-plugin-peer-deps-external,https://github.com/pmowrer/rollup-plugin-peer-deps-external,,,,TRUE,,,,,
cors,https://github.com/expressjs/cors,,,,FALSE,,,no,,
uglify-js,https://github.com/mishoo/UglifyJS,,,,FALSE,,,,,http://lisperator.net/uglifyjs/
gulp-rename,https://github.com/hparra/gulp-rename,CHANGELOG.md,,,TRUE,,,,,
del,https://github.com/sindresorhus/del,,,,TRUE,,,,,
web-vitals,https://github.com/GoogleChrome/web-vitals,CHANGELOG.md,docs/upgrading-to-v5.md,,FALSE,,TRUE,,,https://web.dev/vitals
stylelint,https://github.com/stylelint/stylelint,CHANGELOG.md,migration-guide/*.md,,TRUE,,TRUE,,,https://stylelint.io
cz-conventional-changelog,https://github.com/commitizen/cz-conventional-changelog,,,,TRUE,,TRUE,,,
jsonwebtoken,https://github.com/auth0/node-jsonwebtoken,CHANGELOG.md,,,FALSE,,TRUE,,,
terser-webpack-plugin,https://github.com/webpack-contrib/terser-webpack-plugin,CHANGELOG.md,,,TRUE,,TRUE,,,
release-it,https://github.com/release-it/release-it,CHANGELOG.md,,,TRUE,,,,,
sinon-chai,https://github.com/chaijs/sinon-chai,CHANGELOG.md,,,FALSE,,,,,
supertest,https://github.com/ladjs/supertest,,,,TRUE,,,,,
undici,https://github.com/nodejs/undici,,,,TRUE,,TRUE,,,https://nodejs.github.io/undici
uglifyjs-webpack-plugin,https://github.com/webpack-contrib/uglifyjs-webpack-plugin,CHANGELOG.md,,,TRUE,,TRUE,,,
bootstrap,https://github.com/twbs/bootstrap,,,,TRUE,,TRUE,,,https://getbootstrap.com
webpack-bundle-analyzer,https://github.com/webpack-contrib/webpack-bundle-analyzer,CHANGELOG.md,.npm-upgrade.json,,FALSE,,TRUE,,,
optimize-css-assets-webpack-plugin,https://github.com/NMFR/optimize-css-assets-webpack-plugin,,,,FALSE,,,no,,
js-yaml,https://github.com/nodeca/js-yaml,CHANGELOG.md,migrate*.md,,FALSE,,,,,http://nodeca.github.io/js-yaml/
standard-version,https://github.com/conventional-changelog/standard-version,CHANGELOG.md,,,TRUE,,TRUE,,,
gulp-uglify,https://github.com/terinjokes/gulp-uglify,CHANGELOG.md,,,TRUE,,,,,
@eslint/js,https://github.com/eslint/eslint,CHANGELOG.md,,,TRUE,,TRUE,,,https://eslint.org
commitizen,https://github.com/commitizen/cz-cli,,,,TRUE,,TRUE,,,http://commitizen.github.io/cz-cli/
ws,https://github.com/websockets/ws,,,,TRUE,,TRUE,,,
react-native,https://github.com/facebook/react-native,CHANGELOG*.md,,,TRUE,,TRUE,,,https://reactnative.dev
grunt-contrib-jshint,https://github.com/gruntjs/grunt-contrib-jshint,CHANGELOG,,,FALSE,,,,,http://gruntjs.com/
@rollup/plugin-json,https://github.com/rollup/plugins,packages/json/CHANGELOG.md,,,FALSE,,TRUE,,,
winston,https://github.com/winstonjs/winston,CHANGELOG.md,UPGRADE-3.0.md,,TRUE,,TRUE,,,http://github.com/winstonjs/winston
body-parser,https://github.com/expressjs/body-parser,,,,TRUE,HISTORY.md,TRUE,,,
karma-mocha,https://github.com/karma-runner/karma-mocha,CHANGELOG.md,,,TRUE,,,,,
del-cli,https://github.com/sindresorhus/del-cli,,,,TRUE,,,,,
babel-plugin-inline-react-svg,https://github.com/kesne/babel-plugin-inline-react-svg,CHANGELOG.md,,,FALSE,,,,,
eslint-plugin-flowtype,https://github.com/gajus/eslint-plugin-flowtype,,,,TRUE,,,,,
karma-coverage,https://github.com/karma-runner/karma-coverage,CHANGELOG.md,,,TRUE,,,,,
jshint,https://github.com/jshint/jshint,CHANGELOG.md,,,TRUE,,TRUE,,,http://jshint.com
random-words,https://github.com/apostrophecms/random-words,CHANGELOG.md,,,FALSE,,,,,
execa,https://github.com/sindresorhus/execa,,,,TRUE,,TRUE,,,
codecov,https://github.com/codecov/codecov-node,CHANGELOG.md,,,TRUE,,,,,https://codecov.io
dayjs,https://github.com/iamkun/dayjs,,,,FALSE,,TRUE,only one,,https://day.js.org
babel-plugin-add-module-exports,https://github.com/59naga/babel-plugin-add-module-exports,,,,TRUE,,,,,
gulp-util,https://github.com/gulpjs/gulp-util,,,,FALSE,,,,,
karma-webpack,https://github.com/webpack-contrib/karma-webpack,CHANGELOG.md,,,TRUE,,TRUE,,,
through2,https://github.com/rvagg/through2,,,,FALSE,,,no,,
chai-as-promised,https://github.com/chaijs/chai-as-promised,,,,TRUE,,,,,
@emotion/styled,https://github.com/emotion-js/emotion,packages/styled/CHANGELOG.md,,,TRUE,,TRUE,,,https://emotion.sh/
gulp-babel,https://github.com/babel/gulp-babel,CHANGELOG.md,,,TRUE,,,,,https://babeljs.io
qs,https://github.com/ljharb/qs,CHANGELOG.md,,,FALSE,,TRUE,,,
vuex,https://github.com/vuejs/vuex,CHANGELOG.md,docs/guide/migrating*.md,,TRUE,,TRUE,,,https://vuex.vuejs.org
rollup-plugin-uglify,https://github.com/TrySound/rollup-plugin-uglify,,,,FALSE,,,no,,
gulp-sourcemaps,https://github.com/gulp-sourcemaps/gulp-sourcemaps,,,,FALSE,,,no,,
npm,https://github.com/npm/cli,CHANGELOG.md,,,TRUE,,TRUE,,,https://docs.npmjs.com/cli/
case-sensitive-paths-webpack-plugin,https://github.com/Urthen/case-sensitive-paths-webpack-plugin,CHANGELOG.md,,,FALSE,,,,,
grunt-contrib-watch,https://github.com/gruntjs/grunt-contrib-watch,CHANGELOG,,,FALSE,,,,,http://gruntjs.com/
globals,https://github.com/sindresorhus/globals,,,,TRUE,,,,,
coffee-script,https://github.com/jashkenas/coffeescript,documentation/sections/changelog/*.md,,,FALSE,,TRUE,,,https://coffeescript.org/
handlebars,https://github.com/handlebars-lang/handlebars.js,release-notes.md,,,FALSE,,TRUE,,,http://handlebarsjs.com
karma-jasmine-html-reporter,https://github.com/dfederm/karma-jasmine-html-reporter,,,,FALSE,,,no,,
raw-loader,https://github.com/webpack-contrib/raw-loader,CHANGELOG.md,,,TRUE,,TRUE,,,
grunt-contrib-clean,https://github.com/gruntjs/grunt-contrib-clean,CHANGELOG,,,FALSE,,,,,http://gruntjs.com/
ejs,https://github.com/mde/ejs,,,,TRUE,,TRUE,,,
cross-spawn,https://github.com/moxystudio/node-cross-spawn,CHANGELOG.md,,,FALSE,,,,,
jsdoc,https://github.com/jsdoc/jsdoc,CHANGES.md,,,FALSE,,,,,https://jsdoc.app/
@rollup/plugin-replace,https://github.com/rollup/plugins,packages/replace/CHANGELOG.md,,,FALSE,,TRUE,,,
webpack-node-externals,https://github.com/liady/webpack-node-externals,CHANGELOG.md,,,TRUE,,,,,
open,https://github.com/sindresorhus/open,,,,TRUE,,,,,
jasmine,https://github.com/jasmine/jasmine-npm,,,,FALSE,release_notes/*,,,,
postcss-import,https://github.com/postcss/postcss-import,CHANGELOG.md,,,TRUE,,,,,
gulp-concat,https://github.com/contra/gulp-concat,,,,FALSE,,,no,,
nock,https://github.com/nock/nock,CHANGELOG.md,migration_guides,,TRUE,,TRUE,,,
gulp-sass,https://github.com/dlmanning/gulp-sass,CHANGELOG.md,,,TRUE,,,,,
@semantic-release/git,https://github.com/semantic-release/git,,,,TRUE,,,,,
vue-style-loader,https://github.com/vuejs/vue-style-loader,CHANGELOG.md,,,FALSE,,,,,
karma-phantomjs-launcher,https://github.com/karma-runner/karma-phantomjs-launcher,CHANGELOG.md,,,FALSE,,,,,
marked,https://github.com/markedjs/marked,,,,TRUE,,TRUE,,,https://marked.js.org
cssnano,https://github.com/cssnano/cssnano,example-cli-usage/CHANGELOG.md,,,TRUE,,,,,https://cssnano.github.io/cssnano/
deepmerge,https://github.com/TehShrike/deepmerge,changelog.md,,,FALSE,,,,,
eslint-plugin-n,https://github.com/eslint-community/eslint-plugin-n,CHANGELOG.md,,,TRUE,,TRUE,,,
protractor,https://github.com/angular/protractor,CHANGELOG.md,,,FALSE,,TRUE,,,http://www.protractortest.org
pre-commit,https://github.com/observing/pre-commit,CHANGELOG.md,,,FALSE,,,,,
lodash-es,https://github.com/lodash/lodash,,,,TRUE,,,,https://github.com/lodash/lodash/wiki/Changelog,https://lodash.com/
globby,https://github.com/sindresorhus/globby,,,,TRUE,,,,,
karma-coverage-istanbul-reporter,https://github.com/mattlewis92/karma-coverage-istanbul-reporter,CHANGELOG.md,,,FALSE,,,,,
element-ui,https://github.com/ElemeFE/element,CHANGELOG.en-US.md,,,TRUE,,TRUE,,,https://element.eleme.io/
babel-plugin-istanbul,https://github.com/istanbuljs/babel-plugin-istanbul,CHANGELOG.md,,,TRUE,,,,,
eslint-config-react-app,https://github.com/facebook/create-react-app,CHANGELOG-0.x.md,,,TRUE,,TRUE,,,https://create-react-app.dev
identity-obj-proxy,https://github.com/keyanzhang/identity-obj-proxy,,,,FALSE,,,no,,
html-loader,https://github.com/webpack-contrib/html-loader,CHANGELOG.md,,,TRUE,,TRUE,,,
crypto-js,https://github.com/brix/crypto-js,,,,FALSE,,,no,,
object-assign,https://github.com/sindresorhus/object-assign,,,,FALSE,,,no,,
grunt-contrib-uglify,https://github.com/gruntjs/grunt-contrib-uglify,CHANGELOG,,README.md,FALSE,,,,,http://gruntjs.com/
eslint-plugin-babel,https://github.com/babel/eslint-plugin-babel,,,,TRUE,,,,,https://github.com/babel/babel-eslint
eslint-config-standard-react,https://github.com/standard/eslint-config-standard-react,,,,FALSE,,,,,https://standardjs.com
eslint-plugin-jsdoc,https://github.com/gajus/eslint-plugin-jsdoc,,,,TRUE,,,,,
copyfiles,https://github.com/calvinmetcalf/copyfiles,,,,FALSE,,,no,,
eslint-plugin-html,https://github.com/BenoitZugmeyer/eslint-plugin-html,CHANGELOG.md,MIGRATION_TO_V3.md,,FALSE,,,,,
gulp-mocha,https://github.com/sindresorhus/gulp-mocha,,,,TRUE,,,,,
@semantic-release/changelog,https://github.com/semantic-release/changelog,,,,TRUE,,,,,
q,https://github.com/kriskowal/q,CHANGES.md,,,FALSE,,,,,
babel-preset-react-app,https://github.com/facebook/create-react-app,CHANGELOG*.md,,,TRUE,,TRUE,,,https://create-react-app.dev
acorn,https://github.com/acornjs/acorn,acorn/CHANGELOG.md,,,FALSE,,,,,
react-is,https://github.com/facebook/react,CHANGELOG.md,,,TRUE,,TRUE,,,https://react.dev
babelify,https://github.com/babel/babelify,,,,TRUE,,,,,
webpack-dev-middleware,https://github.com/webpack/webpack-dev-middleware,CHANGELOG.md,,,TRUE,,TRUE,,,
nanoid,https://github.com/ai/nanoid,CHANGELOG.md,,,TRUE,,,,,https://zelark.github.io/nano-id-cc/
pg,https://github.com/brianc/node-postgres,CHANGELOG.md,,,FALSE,,,,,https://node-postgres.com
svelte,https://github.com/sveltejs/svelte,packages/svelte/CHANGELOG.md,,,TRUE,,TRUE,,,https://svelte.dev
resolve,https://github.com/browserify/resolve,,,,FALSE,,TRUE,,,
es6-promise,https://github.com/stefanpenner/es6-promise,CHANGELOG.md,,,FALSE,,,,,
terser,https://github.com/terser/terser,CHANGELOG.md,,,FALSE,,TRUE,,,https://terser.org
karma-firefox-launcher,https://github.com/karma-runner/karma-firefox-launcher,CHANGELOG.md,,,TRUE,,,,,
form-data,https://github.com/form-data/form-data,,,,FALSE,,,no,,https://www.npmjs.com/form-data
highlight.js,https://github.com/highlightjs/highlight.js,*CHANGES.md,*UPGRADE.md,,TRUE,,TRUE,,,https://highlightjs.org/
buffer,https://github.com/feross/buffer,,,,FALSE,,, it is unlikely that there will ever be breaking changes,,
babel-plugin-module-resolver,https://github.com/tleunen/babel-plugin-module-resolver,CHANGELOG.md,,,FALSE,,TRUE,,,
size-limit,https://github.com/ai/size-limit,CHANGELOG.md,,,FALSE,,,,,
strip-ansi,https://github.com/chalk/strip-ansi,,,,TRUE,,,,,
np,https://github.com/sindresorhus/np,,,,TRUE,,,,,
stylelint-config-standard,https://github.com/stylelint/stylelint-config-standard,CHANGELOG.md,,,TRUE,,,,,
koa,https://github.com/koajs/koa,,docs/migration.md,,TRUE,History.md,TRUE,,,https://koajs.com
rollup-plugin-replace,https://github.com/rollup/rollup-plugin-replace,CHANGELOG.md,,,FALSE,,,,,
tap,https://github.com/tapjs/tapjs,src/docs/content/changelog.md,,,TRUE,,TRUE,,,https://node-tap.org/
react-addons-test-utils,https://github.com/facebook/react,CHANGELOG.md,,,TRUE,,TRUE,,,https://react.dev
babel-plugin-import,https://github.com/ant-design/babel-plugin-import,,,,TRUE,,,,,
co,https://github.com/tj/co,,,,FALSE,History.md,,,,
friendly-errors-webpack-plugin,https://github.com/geowarin/friendly-errors-webpack-plugin,,,,FALSE,,,only one,,
eslint-plugin-unicorn,https://github.com/sindresorhus/eslint-plugin-unicorn,,,,TRUE,,,,,
source-map-loader,https://github.com/webpack-contrib/source-map-loader,CHANGELOG.md,,,TRUE,,TRUE,,,
minimatch,https://github.com/isaacs/minimatch,changelog.md,,,FALSE,,TRUE,,,
postcss-preset-env,https://github.com/csstools/postcss-plugins,,,,FALSE,,TRUE,,,https://preset-env.cssdb.org/
@release-it/conventional-changelog,https://github.com/release-it/conventional-changelog,,,,FALSE,,,no,,
webpack-hot-middleware,https://github.com/webpack-contrib/webpack-hot-middleware,CHANGELOG.md,,,FALSE,,,,,
http-server,https://github.com/http-party/http-server,,,,TRUE,,TRUE,,,
gulp-eslint,https://github.com/adametry/gulp-eslint,CHANGELOG.md,,,FALSE,,,,,
rollup-plugin-json,https://github.com/rollup/rollup-plugin-json,CHANGELOG.md,,,FALSE,,,,,
clsx,https://github.com/lukeed/clsx,,,,TRUE,,,,,
browser-sync,https://github.com/BrowserSync/browser-sync,,,,TRUE,,,,,https://discord.gg/2d2xUThp
c8,https://github.com/bcoe/c8,CHANGELOG.md,,,TRUE,,,,,
electron-lite,https://github.com/kaizhu256/node-electron-lite,,,,FALSE,,,only one,,
utility2,https://github.com/kaizhu256/node-utility2,,,,FALSE,,,only one,,
superagent,https://github.com/ladjs/superagent,,,,TRUE,HISTORY.md,TRUE,,,https://ladjs.github.io/superagent/
grunt-cli,https://github.com/gruntjs/grunt-cli,CHANGELOG.md,,,FALSE,,,,,http://gruntjs.com/
babel-plugin-transform-decorators-legacy,https://github.com/loganfsmyth/babel-plugin-transform-decorators-legacy,CHANGELOG.md,,,FALSE,,,,,
@size-limit/preset-small-lib,https://github.com/ai/size-limit,CHANGELOG.md,,,FALSE,,,,,
react-hot-loader,https://github.com/gaearon/react-hot-loader,CHANGELOG.md,,,TRUE,,,,,http://gaearon.github.io/react-hot-loader/
fast-glob,https://github.com/mrmlnc/fast-glob,,,,TRUE,,TRUE,,,
gulp-autoprefixer,https://github.com/sindresorhus/gulp-autoprefixer,,,,TRUE,,,,,
joi,https://github.com/hapijs/joi,,,,FALSE,,TRUE,,,
esm,https://github.com/standard-things/esm,,,,TRUE,,,,,
run-sequence,https://github.com/OverZealous/run-sequence,CHANGELOG.md,,,FALSE,,,,,
gulp-typescript,https://github.com/ivogabe/gulp-typescript,,,,TRUE,,,,,
whatwg-fetch,https://github.com/github/fetch,CHANGELOG.md,,,TRUE,,,,,
@vue/eslint-config-prettier,https://github.com/vuejs/eslint-config-prettier,CHANGELOG.md,,,TRUE,,,,,
prompts,https://github.com/terkelg/prompts,,,,FALSE,,,no,,
tap-spec,https://github.com/scottcorgan/tap-spec,,,,FALSE,,,no,,
assert,https://github.com/browserify/commonjs-assert,CHANGELOG.md,,,FALSE,,,,,
bignumber.js,https://github.com/MikeMcl/bignumber.js,CHANGELOG.md,,,FALSE,,,,,http://mikemcl.github.io/bignumber.js
eslint-config-airbnb-typescript,https://github.com/iamturns/eslint-config-airbnb-typescript,,,,TRUE,,TRUE,,,
gulp-plumber,https://github.com/floatdrop/gulp-plumber,,,,FALSE,,,no,,
eslint-plugin-simple-import-sort,https://github.com/lydell/eslint-plugin-simple-import-sort,CHANGELOG.md,,,FALSE,,,,,
eslint-friendly-formatter,https://github.com/royriojas/eslint-friendly-formatter,changelog.md,,,FALSE,,,,,
camelcase,https://github.com/sindresorhus/camelcase,,,,TRUE,,,,,
babel-plugin-transform-vue-jsx,https://github.com/vuejs/babel-plugin-transform-vue-jsx,,,,FALSE,,,only one,,
request-promise,https://github.com/request/request-promise,,,README.md,FALSE,,TRUE,,,
postcss-flexbugs-fixes,https://github.com/luisrudge/postcss-flexbugs-fixes,CHANGELOG.md,,,FALSE,,TRUE,,,
react-dev-utils,https://github.com/facebook/create-react-app,CHANGELOG*.md,,,TRUE,,TRUE,,,https://create-react-app.dev
portfinder,https://github.com/http-party/node-portfinder,,,,FALSE,,,no,,https://github.com/http-party/node-portfinder
karma-mocha-reporter,https://github.com/litixsoft/karma-mocha-reporter,CHANGELOG.md,,,FALSE,,,,,
proxyquire,https://github.com/thlorenz/proxyquire,,,,FALSE,,,no,,
mysql,https://github.com/mysqljs/mysql,Changes.md,,,FALSE,,,,,
@react-native-community/eslint-config,https://github.com/facebook/react-native,CHANGELOG*.md,,,TRUE,,TRUE,,,https://reactnative.dev
markdown-it,https://github.com/markdown-it/markdown-it,CHANGELOG.md,*migration.md,,FALSE,,,,,https://markdown-it.github.io
babel-helper-vue-jsx-merge-props,https://github.com/vuejs/babel-helper-vue-jsx-merge-props,,,,FALSE,,,only one,,
jshint-stylish,https://github.com/sindresorhus/jshint-stylish,,,,FALSE,,,no,,
'nan',https://github.com/nodejs/nan,CHANGELOG.md,,,FALSE,,,,,
nodemailer,https://github.com/nodemailer/nodemailer,CHANGELOG.md,,,TRUE,,,,,http://nodemailer.com/
@rollup/plugin-alias,https://github.com/rollup/plugins,packages/alias/CHANGELOG.md,,,FALSE,,TRUE,,,
karma-cli,https://github.com/karma-runner/karma-cli,CHANGELOG.md,,,FALSE,,,,,
loader-utils,https://github.com/webpack/loader-utils,CHANGELOG.md,,,TRUE,,,,,
isomorphic-fetch,https://github.com/matthew-andrews/isomorphic-fetch,,,,FALSE,,,no,,
grunt-contrib-copy,https://github.com/gruntjs/grunt-contrib-copy,CHANGELOG,,README.md,FALSE,,,,,http://gruntjs.com/
rollup-plugin-copy,https://github.com/vladshcherbin/rollup-plugin-copy,,,,TRUE,,,,,
node-notifier,https://github.com/mikaelbr/node-notifier,CHANGELOG.md,,,FALSE,,TRUE,,,
webpack-manifest-plugin,https://github.com/shellscape/webpack-manifest-plugin,,,,TRUE,,TRUE,,,
promise,https://github.com/then/promise,,,,TRUE,,,,,https://www.promisejs.org
fast-sass-loader,https://github.com/yibn2008/fast-sass-loader,,,,FALSE,HISTORY.md,,,,
js-cookie,https://github.com/js-cookie/js-cookie,,,,TRUE,,,,,
gulp-jshint,https://github.com/spalger/gulp-jshint,CHANGELOG.md,,,FALSE,,,,,
aws-sdk,https://github.com/aws/aws-sdk-js,CHANGELOG.md,UPGRADING.md,,TRUE,,TRUE,,,https://aws.amazon.com/developer/language/javascript/
jest-junit,https://github.com/jest-community/jest-junit,,,,TRUE,,,,,
diff,https://github.com/kpdecker/jsdiff,,,,FALSE,release-notes.md,TRUE,,,
opn,https://github.com/sindresorhus/open,,,,TRUE,,,,,
load-grunt-tasks,https://github.com/sindresorhus/load-grunt-tasks,,,,TRUE,,,,,
cookie-session,https://github.com/expressjs/cookie-session,,,,TRUE,HISTORY.md,,,,
prompt,https://github.com/flatiron/prompt,CHANGELOG.md,,,FALSE,,TRUE,,,http://github.com/flatiron/prompt
inherits,https://github.com/isaacs/inherits,,,README.md,FALSE,,,,,
grunt-contrib-concat,https://github.com/gruntjs/grunt-contrib-concat,CHANGELOG,,,FALSE,,,,,http://gruntjs.com/
vinyl-source-stream,https://github.com/hughsk/vinyl-source-stream,,,,FALSE,,,no,,
events,https://github.com/Gozala/events,,,,FALSE,History.md,,,,
prismjs,https://github.com/PrismJS/prism,,,,,,,only one,,https://prismjs.com
meow,https://github.com/sindresorhus/meow,,,,TRUE,,,,,
i18next,https://github.com/i18next/i18next,CHANGELOG.md,,,TRUE,,TRUE,,,https://www.i18next.com
grunt-contrib-nodeunit,https://github.com/gruntjs/grunt-contrib-nodeunit,CHANGELOG,,,TRUE,,,,,http://gruntjs.com/
@fortawesome/fontawesome-svg-core,https://github.com/FortAwesome/Font-Awesome,,,,FALSE,,TRUE,,https://fontawesome.com/changelog;https://docs.fontawesome.com/web/setup/upgrade/whats-changed,https://fontawesome.com
lodash.merge,https://github.com/lodash/lodash,,,,TRUE,,,,https://github.com/lodash/lodash/wiki/Changelog,https://lodash.com/
postcss-url,https://github.com/postcss/postcss-url,CHANGELOG.md,,,TRUE,,,,,
mocha-lcov-reporter,https://github.com/StevenLooman/mocha-lcov-reporter,CHANGELOG.md,,,FALSE,,,,,
postcss-cli,https://github.com/postcss/postcss-cli,CHANGELOG.md,,,TRUE,,,,,
watchify,https://github.com/browserify/watchify,CHANGELOG.md,,,FALSE,,,,,
@semantic-release/npm,https://github.com/semantic-release/npm,,,,TRUE,,,,,
gulp-replace,https://github.com/lazd/gulp-replace,,,,FALSE,,,,,
@fortawesome/free-solid-svg-icons,https://github.com/FortAwesome/Font-Awesome,,,,FALSE,,TRUE,,https://fontawesome.com/changelog;https://docs.fontawesome.com/web/setup/upgrade/whats-changed,https://fontawesome.com
ncp,https://github.com/AvianFlu/ncp,,,,FALSE,,,no,,
react-transition-group,https://github.com/reactjs/react-transition-group,CHANGELOG.md,Migration.md,,TRUE,,,,,https://reactcommunity.org/react-transition-group/
ember-cli,https://github.com/ember-cli/ember-cli,CHANGELOG.md,,,TRUE,,TRUE,,,https://cli.emberjs.com
big.js,https://github.com/MikeMcl/big.js,CHANGELOG.md,,,FALSE,,,,,http://mikemcl.github.io/big.js
yosay,https://github.com/yeoman/yosay,,,,TRUE,,,,,
karma-sinon-chai,https://github.com/kmees/karma-sinon-chai,,,README.md,FALSE,,,,,
bcrypt,https://github.com/kelektiv/node.bcrypt.js,CHANGELOG.md,,README.md,FALSE,,,,,
string-width,https://github.com/sindresorhus/string-width,,,,TRUE,,,,,
history,https://github.com/remix-run/history,,,,TRUE,,,,,
pug,https://github.com/pugjs/pug,,,,TRUE,packages/pug/History.md,TRUE,,,https://pugjs.org
md5,https://github.com/pvorb/node-md5,,,README.md,FALSE,,,,,https://www.npmjs.com/package/md5
parcel,https://github.com/parcel-bundler/parcel,,,,FALSE,,,no,,https://parceljs.org
gulp-less,https://github.com/gulp-community/gulp-less,,,,TRUE,,,,,
ember-cli-inject-live-reload,https://github.com/rwjblue/ember-cli-inject-live-reload,CHANGELOG.md,,,FALSE,,,,,
sqlite3,https://github.com/TryGhost/node-sqlite3,,,,FALSE,,TRUE,,,
broccoli-asset-rev,https://github.com/rickharrison/broccoli-asset-rev,,,,FALSE,,,no,,
arg,https://github.com/vercel/arg,,,,TRUE,,,no,,https://npmjs.com/arg
d3,https://github.com/d3/d3,CHANGES.md,,,TRUE,,,,,https://d3js.org
ember-cli-babel,https://github.com/babel/ember-cli-babel,CHANGELOG.md,UPGRADING.md,,TRUE,RELEASE.md,TRUE,,,
font-awesome,https://github.com/FortAwesome/Font-Awesome,,,,FALSE,,TRUE,,https://fontawesome.com/changelog;https://docs.fontawesome.com/web/setup/upgrade/whats-changed,https://fontawesome.com
ember-cli-dependency-checker,https://github.com/adopted-ember-addons/ember-cli-dependency-checker,,,,FALSE,,TRUE,,,
normalize.css,https://github.com/necolas/normalize.css,CHANGELOG.md,,,FALSE,,,,,http://necolas.github.io/normalize.css/
eslint-plugin-eslint-comments,https://github.com/mysticatea/eslint-plugin-eslint-comments,,,,TRUE,,,,,https://mysticatea.github.io/eslint-plugin-eslint-comments/
readable-stream,https://github.com/nodejs/readable-stream,,,README.md,TRUE,,,,,https://nodejs.org/api/stream.html
enzyme-to-json,https://github.com/adriantoine/enzyme-to-json,,,,TRUE,,,,,
wrap-ansi,https://github.com/chalk/wrap-ansi,,,,TRUE,,,,,
@vue/cli-plugin-router,https://github.com/vuejs/vue-cli,CHANGELOG.md,docs/migrations/migrate*.md,,TRUE,,TRUE,,,https://cli.vuejs.org/
electron,https://github.com/electron/electron,docs/breaking-changes.md,,,TRUE,,TRUE,,,https://electronjs.org
@vue/cli-plugin-typescript,https://github.com/vuejs/vue-cli,CHANGELOG.md,docs/migrations/migrate*.md,,TRUE,,TRUE,,,https://cli.vuejs.org/
ember-cli-htmlbars,https://github.com/ember-cli/ember-cli-htmlbars,CHANGELOG.md,,,TRUE,,TRUE,,,
validator,https://github.com/validatorjs/validator.js,CHANGELOG.md,,,TRUE,,,,,
dotenv-expand,https://github.com/motdotla/dotenv-expand,CHANGELOG.md,,,FALSE,,,,,https://dotenvx.com
ember-export-application-global,https://github.com/ember-cli/ember-export-application-global,,,,FALSE,,TRUE,,,
mysql2,https://github.com/sidorares/node-mysql2,Changelog.md,,,TRUE,,TRUE,,,https://sidorares.github.io/node-mysql2/
@vue/eslint-config-standard,https://github.com/vuejs/eslint-config-standard,packages/eslint-config-standard/CHANGELOG.md,,,TRUE,,,,,
cross-fetch,https://github.com/lquixada/cross-fetch,,,,TRUE,,,,,
three,https://github.com/mrdoob/three.js,,,,TRUE,,TRUE,,,https://threejs.org/
connect-history-api-fallback,https://github.com/bripkens/connect-history-api-fallback,CHANGELOG.md,,,FALSE,,,,,
eventemitter3,https://github.com/primus/eventemitter3,,,,TRUE,,TRUE,,,
gulp-if,https://github.com/robrich/gulp-if,,,,FALSE,,,no,,
gulp-load-plugins,https://github.com/jackfranklin/gulp-load-plugins,,,README.md,TRUE,,,,,https://github.com/jackfranklin/gulp-load-plugins
gulp-clean-css,https://github.com/scniro/gulp-clean-css,,,,TRUE,,,no,,
json5,https://github.com/json5/json5,CHANGELOG.md,,,TRUE,,,,,http://json5.org/
rollup-plugin-url,https://github.com/Swatinem/rollup-plugin-url,CHANGELOG.md,,,FALSE,,,,,
serve-static,https://github.com/expressjs/serve-static,,,,TRUE,HISTORY.md,,,,
extend,https://github.com/justmoon/node-extend,CHANGELOG.md,,,FALSE,,,,,
benchmark,https://github.com/bestiejs/benchmark.js,,,,FALSE,,,no,,https://benchmarkjs.com/
log-symbols,https://github.com/sindresorhus/log-symbols,,,,TRUE,,,,,
tslint-config-standard,https://github.com/blakeembrey/tslint-config-standard,,,,TRUE,,,,,
css-minimizer-webpack-plugin,https://github.com/webpack-contrib/css-minimizer-webpack-plugin,CHANGELOG.md,,,TRUE,,,,,
js-tokens,https://github.com/lydell/js-tokens,CHANGELOG.md,,,FALSE,,,,,
escape-string-regexp,https://github.com/sindresorhus/escape-string-regexp,,,,TRUE,,,,,
ksni-technical-test,https://github.com/Yunnie-pin/Technical-Test-KSNI,,,,FALSE,,,only one,,https://technical-test-ksni.vercel.app
graceful-fs,https://github.com/isaacs/node-graceful-fs,,,README.md,FALSE,,,,,
stylus-loader,https://github.com/webpack-contrib/stylus-loader,CHANGELOG.md,,,TRUE,,,,,
ember-cli-uglify,https://github.com/ember-cli/ember-cli-uglify,CHANGELOG.md,,,TRUE,,TRUE,,,
crypto,https://github.com/npm/deprecate-holder,,,,FALSE,,,empty,,
raf,https://github.com/chrisdickinson/raf,,,,FALSE,,,no,,
gulp-istanbul,https://github.com/SBoudrias/gulp-istanbul,,,,TRUE,,,,,
connect,https://github.com/senchalabs/connect,,,,FALSE,History.md,,,,
@sveltejs/kit,https://github.com/sveltejs/kit,packages/kit/CHANGELOG.md,,,TRUE,,TRUE,,,https://svelte.dev/docs/kit
lodash.debounce,https://github.com/lodash/lodash,,,,TRUE,,,,https://github.com/lodash/lodash/wiki/Changelog,https://lodash.com/
jsdoc-to-markdown,https://github.com/jsdoc2md/jsdoc-to-markdown,,,,TRUE,,,,,
node-addon-api,https://github.com/nodejs/node-addon-api,CHANGELOG.md,,,TRUE,,TRUE,,,
which,https://github.com/npm/node-which,CHANGELOG.md,,,TRUE,,TRUE,,,
@testing-library/dom,https://github.com/testing-library/dom-testing-library,,,,TRUE,,TRUE,,,https://testing-library.com/dom
boxen,https://github.com/sindresorhus/boxen,,,,TRUE,,,,,
picocolors,https://github.com/alexeyraspopov/picocolors,CHANGELOG.md,,,TRUE,,,,,
postcss-scss,https://github.com/postcss/postcss-scss,CHANGELOG.md,,,FALSE,,,,,
micromatch,https://github.com/micromatch/micromatch,CHANGELOG.md,,,FALSE,,TRUE,,,https://github.com/micromatch
resolve-url-loader,https://github.com/bholloway/resolve-url-loader,,,,TRUE,,,,,
file-saver,https://github.com/eligrey/FileSaver.js,CHANGELOG.md,,,TRUE,,,,,https://eligrey.com/blog/saving-generated-files-on-the-client-side/
bn.js,https://github.com/indutny/bn.js,CHANGELOG.md,,,FALSE,,TRUE,,,
@vue/cli-plugin-unit-jest,https://github.com/vuejs/vue-cli,CHANGELOG.md,docs/migrations/migrate*.md,,TRUE,,TRUE,,,https://cli.vuejs.org/
babel-plugin-styled-components,https://github.com/styled-components/babel-plugin-styled-components,,,,TRUE,,,,,
immer,https://github.com/immerjs/immer,,,,TRUE,,TRUE,,,https://immerjs.github.io/immer/
mustache,https://github.com/janl/mustache.js,CHANGELOG.md,,,TRUE,,,,,https://mustache.github.io
@semantic-release/release-notes-generator,https://github.com/semantic-release/release-notes-generator,,,,TRUE,,,,,
compression-webpack-plugin,https://github.com/webpack-contrib/compression-webpack-plugin,CHANGELOG.md,,,TRUE,,TRUE,,,
update-notifier,https://github.com/yeoman/update-notifier,,,,TRUE,,,,,
invariant,https://github.com/zertosh/invariant,CHANGELOG.md,,,FALSE,,,,,
ember-cli-sri,https://github.com/jonathanKingston/ember-cli-sri,CHANGELOG.md,,,FALSE,,,,,
node-nats-streaming,https://github.com/nats-io/stan.js,,,,FALSE,,,only one,,
luxon,https://github.com/moment/luxon,CHANGELOG.md,docs/upgrading.md,,FALSE,,,,,https://moment.github.io/luxon
tar,https://github.com/isaacs/node-tar,CHANGELOG.md,,,TRUE,,TRUE,,,
archiver,https://github.com/archiverjs/node-archiver,,,,TRUE,,TRUE,,,https://www.archiverjs.com
eslint-plugin-json,https://github.com/azeemba/eslint-plugin-json,,,,FALSE,,,no,,
lodash.get,https://github.com/lodash/lodash,,,,TRUE,,,,https://github.com/lodash/lodash/wiki/Changelog,https://lodash.com/
ember-cli-qunit,https://github.com/ember-cli/ember-cli-qunit,CHANGELOG.md,,,FALSE,,TRUE,,,
react-i18next,https://github.com/i18next/react-i18next,CHANGELOG.md,,,FALSE,,TRUE,,,https://react.i18next.com
multer,https://github.com/expressjs/multer,CHANGELOG.md,,,FALSE,,TRUE,,,https://www.npmjs.com/package/multer
config,https://github.com/node-config/node-config,,,,TRUE,History.md,TRUE,,,
jsbi,https://github.com/GoogleChromeLabs/jsbi,,,,FALSE,,,no,,https://v8.dev/features/bigint#polyfilling-transpiling
function-bind,https://github.com/Raynos/function-bind,CHANGELOG.md,,,FALSE,,,,,
@semantic-release/commit-analyzer,https://github.com/semantic-release/commit-analyzer,,,,TRUE,,,,,
merge2,https://github.com/teambition/merge2,,,,FALSE,,,no,,
rollup-plugin-filesize,https://github.com/ritz078/rollup-plugin-filesize,,,,TRUE,,,,,
@rollup/plugin-image,https://github.com/rollup/plugins,packages/image/CHANGELOG.md,,,FALSE,,TRUE,,,
browserslist,https://github.com/browserslist/browserslist,CHANGELOG.md,,,FALSE,,,,,https://browsersl.ist
@biomejs/biome,https://github.com/biomejs/biome,CHANGELOG.md,,,TRUE,,TRUE,,,https://biomejs.dev
jszip,https://github.com/Stuk/jszip,CHANGES.md,,,FALSE,,TRUE,,https://stuk.github.io/jszip/documentation/upgrade_guide.html,https://stuk.github.io/jszip/
babel-plugin-dynamic-import-node,https://github.com/airbnb/babel-plugin-dynamic-import-node,CHANGELOG.md,,,FALSE,,,,,
progress,https://github.com/visionmedia/node-progress,CHANGELOG.md,,,TRUE,,,,,
polished,https://github.com/styled-components/polished,,,,TRUE,,,,,https://polished.js.org/
@semantic-release/github,https://github.com/semantic-release/github,,,,TRUE,,,,,https://www.npmjs.com/package/@semantic-release/github
gulp-watch,https://github.com/floatdrop/gulp-watch,,,,TRUE,,TRUE,,,
@vue/cli-plugin-vuex,https://github.com/vuejs/vue-cli,CHANGELOG.md,docs/migrations/migrate*.md,,TRUE,,TRUE,,,https://cli.vuejs.org/
path-exists,https://github.com/sindresorhus/path-exists,,,,TRUE,,,,,
undici-types,https://github.com/nodejs/undici,,,,TRUE,,TRUE,,,https://nodejs.github.io/undici
acorn-walk,https://github.com/acornjs/acorn,acorn-walk/CHANGELOG.md,,,FALSE,,,,,
@openzeppelin/contracts,https://github.com/OpenZeppelin/openzeppelin-contracts,CHANGELOG.md,,,TRUE,,TRUE,,,https://openzeppelin.com/contracts
replace-in-file,https://github.com/adamreisnz/replace-in-file,CHANGELOG.md,,,TRUE,,,,,
fsevents,https://github.com/fsevents/fsevents,,,,TRUE,,,,,
jade,https://github.com/jadejs/jade,,,,TRUE,,TRUE,,,https://pugjs.org
supports-color,https://github.com/chalk/supports-color,,,,TRUE,,,,,
@evilmartians/lefthook,https://github.com/evilmartians/lefthook,CHANGELOG.md,,,TRUE,,,,,http://lefthook.dev/
ember-resolver,https://github.com/ember-cli/ember-resolver,CHANGELOG.md,,,TRUE,,TRUE,,,
babel-plugin-named-asset-import,https://github.com/facebook/create-react-app,CHANGELOG*.md,,,TRUE,,TRUE,,,https://create-react-app.dev
ember-cli-htmlbars-inline-precompile,https://github.com/ember-cli/ember-cli-htmlbars-inline-precompile,CHANGELOG.md,,,TRUE,,TRUE,,,
clone,https://github.com/pvorb/node-clone,,,README.md,FALSE,,,,,https://www.npmjs.com/package/clone
svgo,https://github.com/svg/svgo,,,,TRUE,,,,,https://svgo.dev/
watch,https://github.com/mikeal/watch,,,README.md,FALSE,,,,,
gulp-postcss,https://github.com/postcss/gulp-postcss,,,README.md,TRUE,,,,,
loader.js,https://github.com/ember-cli/loader.js,,,,FALSE,,TRUE,,,
fast-deep-equal,https://github.com/epoberezkin/fast-deep-equal,,,,TRUE,,,,,
react-app-polyfill,https://github.com/facebook/create-react-app,CHANGELOG*.md,,,TRUE,,TRUE,,,https://create-react-app.dev
yeoman-assert,https://github.com/yeoman/yeoman-assert,,,,TRUE,,,,,http://yeoman.io
eslint-plugin-markdown,https://github.com/eslint/eslint-plugin-markdown,CHANGELOG.md,,,TRUE,,TRUE,,,
merge-stream,https://github.com/grncdr/merge-stream,,,,FALSE,,,no,,
postcss-nested,https://github.com/postcss/postcss-nested,CHANGELOG.md,,,TRUE,,,,,
istanbul-instrumenter-loader,https://github.com/webpack-contrib/istanbul-instrumenter-loader,CHANGELOG.md,,,TRUE,,TRUE,,,
angular,https://github.com/angular/angular.js,CHANGELOG.md,,,FALSE,,TRUE,,,https://angularjs.org
pluralize,https://github.com/blakeembrey/pluralize,,,,TRUE,,,,,
pify,https://github.com/sindresorhus/pify,,,,TRUE,,,,,
phantomjs,https://github.com/Medium/phantomjs,,,,FALSE,,,no,,
concat-stream,https://github.com/maxogden/concat-stream,,,,FALSE,,,no,,
vuepress,https://github.com/vuejs/vuepress,CHANGELOG.md,packages/docs/docs/miscellaneous/migration-guide.md,,TRUE,,TRUE,,,https://vuepress.vuejs.org
koa-router,https://github.com/koajs/router,,,,TRUE,HISTORY.md,,,,
jsdom-global,https://github.com/rstacruz/jsdom-global,,,,FALSE,HISTORY.md,,,,
lodash.camelcase,https://github.com/lodash/lodash,,,,TRUE,,,,https://github.com/lodash/lodash/wiki/Changelog,https://lodash.com/
stylelint-order,https://github.com/hudochenkov/stylelint-order,CHANGELOG.md,,,TRUE,,,,,
stylelint-config-prettier,https://github.com/prettier/stylelint-config-prettier,,,,TRUE,,,,,
lodash.clonedeep,https://github.com/lodash/lodash,,,,TRUE,,,,https://github.com/lodash/lodash/wiki/Changelog,https://lodash.com/
vinyl-buffer,https://github.com/hughsk/vinyl-buffer,,,,FALSE,,,only one,,
@sveltejs/adapter-auto,https://github.com/sveltejs/kit,packages/adapter-auto/CHANGELOG.md,,,TRUE,,TRUE,,,https://svelte.dev/docs/kit
vue-jest,https://github.com/vuejs/vue-jest,,,,TRUE,,TRUE,,,
jsonfile,https://github.com/jprichardson/node-jsonfile,CHANGELOG.md,,,FALSE,,,,,
canvas,https://github.com/Automattic/node-canvas,CHANGELOG.md,,,TRUE,,TRUE,,,
readline-sync,https://github.com/anseki/readline-sync,,,,FALSE,,,only one,,
safe-buffer,https://github.com/feross/safe-buffer,,,,FALSE,,,single export,,
jscs,https://github.com/jscs-dev/node-jscs,CHANGELOG.md,,,TRUE,,,,,https://jscs-dev.github.io
workbox-webpack-plugin,https://github.com/googlechrome/workbox,,,,TRUE,,TRUE,,,https://developers.google.com/web/tools/workbox/
gulp-header,https://github.com/tracker1/gulp-header,,,,FALSE,,,no,,
slash,https://github.com/sindresorhus/slash,,,,TRUE,,,,,
chalk-animation,https://github.com/bokub/chalk-animation,,,,TRUE,,,,,
postcss-custom-properties,https://github.com/csstools/postcss-plugins,plugins/postcss-custom-selectors/CHANGELOG.md,,,FALSE,,TRUE,,,https://preset-env.cssdb.org/
color,https://github.com/Qix-/color,,,,TRUE,,TRUE,,,
preact,https://github.com/preactjs/preact,,,,TRUE,,TRUE,,,https://preactjs.com
@emotion/core,https://github.com/emotion-js/emotion,packages/core/CHANGELOG.md,,,TRUE,,TRUE,,,https://emotion.sh/
color-convert,https://github.com/Qix-/color-convert,CHANGELOG.md,,,TRUE,,,,,
pino,https://github.com/pinojs/pino,,,,TRUE,,,,,http://getpino.io
babel-plugin-lodash,https://github.com/lodash/babel-plugin-lodash,,,,FALSE,,,no,,
lodash.isequal,https://github.com/lodash/lodash,CHANGELOG,,,TRUE,,,,,https://lodash.com/
chromedriver,https://github.com/giggio/node-chromedriver,,,,FALSE,,,,,
react-helmet,https://github.com/nfl/react-helmet,CHANGELOG.md,,,TRUE,,TRUE,,,
ip,https://github.com/indutny/node-ip,,,,FALSE,,,no,,
ember-try,https://github.com/ember-cli/ember-try,CHANGELOG.md,,,TRUE,,TRUE,,,
vue-hot-reload-api,https://github.com/vuejs/vue-hot-reload-api,,,,FALSE,,,no,,
stylelint-scss,https://github.com/stylelint-scss/stylelint-scss,CHANGELOG.md,,,TRUE,,TRUE,,,
log4js,https://github.com/log4js-node/log4js-node,CHANGELOG.md,docs/migration-guide.md,,FALSE,docs/v3-changes.md,,,,https://log4js-node.github.io/log4js-node/
dumi,https://github.com/umijs/dumi,,,,FALSE,,,no,https://d.umijs.org/guide/upgrading,https://d.umijs.org
protobufjs,https://github.com/protobufjs/protobuf.js,CHANGELOG.md,,,TRUE,,TRUE,,,
@sveltejs/package,https://github.com/sveltejs/kit,packages/package/CHANGELOG.md,,,TRUE,,TRUE,,,https://svelte.dev/docs/kit
vuedraggable,https://github.com/SortableJS/Vue.Draggable,,,,FALSE,,,no,,https://sortablejs.github.io/Vue.Draggable/
progress-bar-webpack-plugin,https://github.com/clessg/progress-bar-webpack-plugin,,,,FALSE,,,no,,
request-promise-native,https://github.com/request/request-promise-native,,,README.md,FALSE,,TRUE,only one,,
yn,https://github.com/sindresorhus/yn,,,,TRUE,,,,,
xtend,https://github.com/Raynos/xtend,,,README.md,FALSE,,,no,,
turbo,https://github.com/vercel/turborepo,,,,TRUE,,TRUE,,,https://turborepo.com
through,https://github.com/dominictarr/through,,,,FALSE,,,no,,
p-limit,https://github.com/sindresorhus/p-limit,,,,TRUE,,,,,
documentation,https://github.com/documentationjs/documentation,CHANGELOG.md,,,TRUE,,,,,http://documentation.js.org/
fastify,https://github.com/fastify/fastify,,Migration-Guide-*.md,,TRUE,,TRUE,,,https://www.fastify.dev
postcss-calc,https://github.com/postcss/postcss-calc,CHANGELOG.md,,,TRUE,,,,,
mime-types,https://github.com/jshttp/mime-types,,,README.md,TRUE,HISTORY.md,,,,
rollup-plugin-typescript,https://github.com/rollup/rollup-plugin-typescript,CHANGELOG.md,,,FALSE,,,,,
ignore,https://github.com/kaelzhang/node-ignore,,,README.md,FALSE,,,,,
vinyl,https://github.com/gulpjs/vinyl,CHANGELOG.md,,,TRUE,,,,,
yargs-parser,https://github.com/yargs/yargs-parser,CHANGELOG.md,,,TRUE,,TRUE,,,http://yargs.js.org/
event-stream,https://github.com/dominictarr/event-stream,,,,FALSE,,,no,,
argparse,https://github.com/nodeca/argparse,CHANGELOG.md,doc/migrate_v1_to_v2.md,,FALSE,,,,,
ansi-regex,https://github.com/chalk/ansi-regex,,,,TRUE,,,,,
ini,https://github.com/npm/ini,CHANGELOG.md,,,TRUE,,TRUE,,,
deep-equal,https://github.com/inspect-js/node-deep-equal,CHANGELOG.md,,,FALSE,,,,,
caniuse-lite,https://github.com/browserslist/caniuse-lite,,,,FALSE,,TRUE,no,,
@istanbuljs/nyc-config-typescript,https://github.com/istanbuljs/istanbuljs,packages/nyc-config-typescript/CHANGELOG.md,,,TRUE,,TRUE,,,https://istanbul.js.org/
make-error,https://github.com/JsCommunity/make-error,,,,FALSE,,,,,
postcss-safe-parser,https://github.com/postcss/postcss-safe-parser,CHANGELOG.md,,,FALSE,,,,,
mockjs,https://github.com/nuysoft/Mock,CHANGELOG.md,,,FALSE,,,,,http://mockjs.com
ts-mocha,https://github.com/piotrwitek/ts-mocha,,,,TRUE,,TRUE,,,
ember-source,https://github.com/emberjs/ember.js,CHANGELOG.md,,,TRUE,,TRUE,,,https://emberjs.com
clean-css,https://github.com/clean-css/clean-css,,,,FALSE,History.md,,,,https://clean-css.github.io/
rewire,https://github.com/jhnns/rewire,CHANGELOG.md,,,TRUE,,,,,
@webcomponents/webcomponentsjs,https://github.com/webcomponents/polyfills,packages/webcomponentsjs/CHANGELOG.md,,,FALSE,,,,,
ant-design-vue,https://github.com/vueComponent/ant-design-vue,CHANGELOG*.md,,,TRUE,,TRUE,,,https://antdv.com/
js-base64,https://github.com/dankogai/js-base64,,,README.md,FALSE,,,,,
isparta,https://github.com/douglasduteil/isparta,,,,TRUE,,,,,
tap-min,https://github.com/derhuerst/tap-min,,,,FALSE,,,no,,https://github.com/derhuerst/tap-min
rollup-plugin-serve,https://github.com/thgh/rollup-plugin-serve,CHANGELOG.md,,,FALSE,,,,,
bunyan,https://github.com/trentm/node-bunyan,CHANGES.md,,,FALSE,,TRUE,,,
shortid,https://github.com/dylang/shortid,,,,FALSE,,,no,,https://www.npmjs.org/package/shortid
npmlog,https://github.com/npm/npmlog,CHANGELOG.md,,,TRUE,,TRUE,,,
grunt-contrib-connect,https://github.com/gruntjs/grunt-contrib-connect,CHANGELOG,,,TRUE,,,,,http://gruntjs.com
babel-plugin-component,https://github.com/ElementUI/babel-plugin-component,,,,FALSE,,,no,,
node-gyp-build,https://github.com/prebuild/node-gyp-build,,,,FALSE,,TRUE,,,
estraverse,https://github.com/estools/estraverse,,,,FALSE,,,no,,
power-assert,https://github.com/power-assert-js/power-assert,CHANGELOG.md,,,FALSE,,,,,
requirejs,https://github.com/jrburke/r.js,,,,FALSE,,,no,,
has-flag,https://github.com/sindresorhus/has-flag,,,,TRUE,,,,,
dotenv-webpack,https://github.com/mrsteele/dotenv-webpack,,,,TRUE,,TRUE,,,
nprogress,https://github.com/rstacruz/nprogress,,,,TRUE,History.md,,,,http://ricostacruz.com/nprogress
enquirer,https://github.com/enquirer/enquirer,CHANGELOG.md,,,FALSE,,,,,https://github.com/jonschlinkert
react-markdown,https://github.com/remarkjs/react-markdown,changelog.md,,,TRUE,,TRUE,,,https://remarkjs.github.io/react-markdown/
pnp-webpack-plugin,https://github.com/arcanis/pnp-webpack-plugin,,,,FALSE,,,no,,
markdown-it-container,https://github.com/markdown-it/markdown-it-container,CHANGELOG.md,,,FALSE,,,,,
knex,https://github.com/knex/knex,CHANGELOG.md,UPGRADING.md,,TRUE,,TRUE,,,https://knexjs.org/
bcryptjs,https://github.com/dcodeIO/bcrypt.js,,,,TRUE,,,,,
rollup-plugin-node-builtins,https://github.com/calvinmetcalf/rollup-plugin-node-builtins,,,,FALSE,,,no,,
karma-browserify,https://github.com/nikku/karma-browserify,,,,FALSE,,,no,,
prettier-plugin-packagejson,https://github.com/matzkoh/prettier-plugin-packagejson,,,,TRUE,,TRUE,,,
vue-html-loader,https://github.com/vuejs/vue-html-loader,,,,FALSE,,,only one,,
jest-extended,https://github.com/jest-community/jest-extended,CHANGELOG.md,,,TRUE,,,,,https://jest-extended.jestcommunity.dev/
@fortawesome/fontawesome-free,https://github.com/FortAwesome/Font-Awesome,,,,FALSE,,TRUE,,https://fontawesome.com/changelog;https://docs.fontawesome.com/web/setup/upgrade/whats-changed,https://fontawesome.com
nsp,https://github.com/nodesecurity/nsp,,,,FALSE,,,no,,https://nodesecurity.io
ember-cli-app-version,https://github.com/ember-cli/ember-cli-app-version,CHANGELOG.md,,,TRUE,,TRUE,,,
eslint-plugin-cypress,https://github.com/cypress-io/eslint-plugin-cypress,,,,TRUE,,,,,
pump,https://github.com/mafintosh/pump,,,,FALSE,,,no,,
create-require,https://github.com/nuxt-contrib/create-require,CHANGELOG.md,,,FALSE,,,,,
bs58,https://github.com/cryptocoinjs/bs58,CHANGELOG.md,,,FALSE,,,,,http://cryptocoinjs.com/modules/misc/bs58/
swiper,https://github.com/nolimits4web/Swiper,CHANGELOG.md,,,TRUE,,,,,https://swiperjs.com
tiny-warning,https://github.com/alexreardon/tiny-warning,,,,FALSE,,,no,,
bindings,https://github.com/TooTallNate/node-bindings,,,,FALSE,,,no,,
postcss-normalize,https://github.com/csstools/postcss-normalize,CHANGELOG.md,,,TRUE,,,,,
prettier-plugin-organize-imports,https://github.com/simonhaenisch/prettier-plugin-organize-imports,changelog.md,,,TRUE,,,,,https://npmjs.com/prettier-plugin-organize-imports
strip-json-comments,https://github.com/sindresorhus/strip-json-comments,,,,TRUE,,,,,
find-up,https://github.com/sindresorhus/find-up,,,,TRUE,,,,,
@rollup/plugin-url,https://github.com/rollup/plugins,packages/pluginutils/CHANGELOG.md,,,FALSE,,TRUE,,,
tslint-loader,https://github.com/wbuchwalter/tslint-loader,CHANGELOG.md,,,FALSE,,,,,
ember-ajax,https://github.com/ember-cli/ember-ajax,CHANGELOG.md,,,TRUE,,,,,
require-dir,https://github.com/aseemk/requireDir,CHANGELOG.md,,,TRUE,,,,,
jasmine-node,https://github.com/mhevery/jasmine-node,,,README.md,FALSE,,,,,
lodash.throttle,https://github.com/lodash/lodash,CHANGELOG,,,TRUE,,,,,https://lodash.com/
eslint-webpack-plugin,https://github.com/webpack-contrib/eslint-webpack-plugin,CHANGELOG.md,,,TRUE,,,,,
resolve-from,https://github.com/sindresorhus/resolve-from,,,,TRUE,,,,,
stream-browserify,https://github.com/browserify/stream-browserify,CHANGELOG.md,,,TRUE,,,,,
emoji-regex,https://github.com/mathiasbynens/emoji-regex,,,,FALSE,,,no,,https://mths.be/emoji-regex
hoist-non-react-statics,https://github.com/mridgway/hoist-non-react-statics,CHANGELOG.md,,,TRUE,,,,,
@libphamton/chatfanpage,https://github.com/libphamton/chatfanpage,,,,FALSE,,,no,,
escape-html,https://github.com/component/escape-html,,,,FALSE,,,no,,
yarn,https://github.com/yarnpkg/yarn,,,,TRUE,,TRUE,,,https://classic.yarnpkg.com
tslint-config-airbnb,https://github.com/progre/tslint-config-airbnb,CHANGELOG.md,,,FALSE,,,,,
node-gyp,https://github.com/nodejs/node-gyp,CHANGELOG.md,,,TRUE,,TRUE,,,
auto-changelog,https://github.com/CookPete/auto-changelog,CHANGELOG.md,,,FALSE,,,,,
path-browserify,https://github.com/browserify/path-browserify,CHANGELOG.md,,,TRUE,,,,,
@ckeditor/ckeditor5-paragraph,https://github.com/ckeditor/ckeditor5,CHANGELOG.md,docs/updating/update-to-35.md,,TRUE,,TRUE,,,https://ckeditor.com
travis-deploy-once,https://github.com/semantic-release/travis-deploy-once,,,,TRUE,,,,,
react-dropzone,https://github.com/react-dropzone/react-dropzone,,,,TRUE,,TRUE,,,https://react-dropzone.js.org/
webpack-stream,https://github.com/shama/webpack-stream,,,,FALSE,,,no,,
@ckeditor/ckeditor5-basic-styles,https://github.com/ckeditor/ckeditor5,CHANGELOG.md,docs/updating/update-to-35.md,,TRUE,,TRUE,,,https://ckeditor.com
underscore.string,https://github.com/epeli/underscore.string,CHANGELOG.markdown,,,FALSE,,,,,http://esamattis.github.com/underscore.string/
punycode,https://github.com/mathiasbynens/punycode.js,,,,TRUE,,,,,https://mths.be/punycode
path-is-absolute,https://github.com/sindresorhus/path-is-absolute,,,,FALSE,,,no,,
dateformat,https://github.com/felixge/node-dateformat,,,Readme.md,TRUE,,,,,
@ckeditor/ckeditor5-theme-lark,https://github.com/ckeditor/ckeditor5,CHANGELOG.md,docs/updating/update-to-35.md,,TRUE,,TRUE,,,https://ckeditor.com
redux-saga,https://github.com/redux-saga/redux-saga,CHANGELOG.md,,,TRUE,,TRUE,,,https://redux-saga.js.org/
clipboard,https://github.com/zenorocha/clipboard.js,,,,TRUE,,TRUE,,,https://clipboardjs.com
rollup-plugin-eslint,https://github.com/TrySound/rollup-plugin-eslint,,,,FALSE,,,no,,
rollup-watch,https://github.com/rollup/rollup-watch,CHANGELOG.md,,,FALSE,,,,,
url-join,https://github.com/jfromaniello/url-join,CHANGELOG.md,,,TRUE,,,,,
babel-preset-react-native,https://github.com/facebook/metro,,,,TRUE,,TRUE,,,https://metrobundler.dev
systemjs,https://github.com/systemjs/systemjs,CHANGELOG.md,,,TRUE,,TRUE,,,
eslint-config-oclif,https://github.com/oclif/eslint-config-oclif,CHANGELOG.md,,,TRUE,,TRUE,,,
@ckeditor/ckeditor5-essentials,https://github.com/ckeditor/ckeditor5,CHANGELOG.md,docs/updating/update-to-35.md,,TRUE,,TRUE,,,https://ckeditor.com
postcss-cssnext,https://github.com/MoOx/postcss-cssnext,CHANGELOG.md,,,TRUE,,,,,https://moox.io/blog/deprecating-cssnext/
@ckeditor/ckeditor5-dev-utils,https://github.com/ckeditor/ckeditor5-dev,CHANGELOG.md,,,TRUE,,TRUE,,,https://ckeditor.com/ckeditor-5
sortablejs,https://github.com/SortableJS/Sortable,,,,FALSE,,,no,,https://sortablejs.github.io/Sortable/
karma-safari-launcher,https://github.com/karma-runner/karma-safari-launcher,,,,FALSE,,,no,,
is-ci,https://github.com/watson/is-ci,CHANGELOG.md,,,TRUE,,,,,
balanced-match,https://github.com/juliangruber/balanced-match,,,,TRUE,,,no,,
escodegen,https://github.com/estools/escodegen,,,,FALSE,,,,,
normalize-path,https://github.com/jonschlinkert/normalize-path,CHANGELOG.md,,readme.md,FALSE,,,,,https://github.com/jonschlinkert
braces,https://github.com/micromatch/braces,CHANGELOG.md,,,FALSE,,,,,https://github.com/jonschlinkert
query-string,https://github.com/sindresorhus/query-string,,,,TRUE,,,,,
gulp-bump,https://github.com/stevelacy/gulp-bump,,,,TRUE,,,,,
eslint-plugin-security,https://github.com/eslint-community/eslint-plugin-security,CHANGELOG.md,,,TRUE,,TRUE,,,
koa-static,https://github.com/koajs/static,,,,FALSE,History.md,,,,
ember-cli-release,https://github.com/lytics/ember-cli-release,CHANGELOG.md,,README.md,FALSE,,,,,
time-grunt,https://github.com/sindresorhus/time-grunt,,,,FALSE,,,no,,
@ckeditor/ckeditor5-list,https://github.com/ckeditor/ckeditor5,CHANGELOG.md,docs/updating/update-to-35.md,,TRUE,,TRUE,,,https://ckeditor.com
is-glob,https://github.com/micromatch/is-glob,,,,FALSE,,,no,,
markdown-it-anchor,https://github.com/valeriangalliat/markdown-it-anchor,CHANGELOG.md,,,FALSE,,TRUE,,,
@ckeditor/ckeditor5-heading,https://github.com/ckeditor/ckeditor5,CHANGELOG.md,docs/updating/update-to-35.md,,TRUE,,TRUE,,,https://ckeditor.com
cpy-cli,https://github.com/sindresorhus/cpy-cli,,,,TRUE,,,,,
kleur,https://github.com/lukeed/kleur,,,readme.md,TRUE,,,,,
throttle-debounce,https://github.com/niksy/throttle-debounce,CHANGELOG.md,,,TRUE,,,,,
imports-loader,https://github.com/webpack-contrib/imports-loader,CHANGELOG.md,,,TRUE,,TRUE,,,
jest-styled-components,https://github.com/styled-components/jest-styled-components,,,,TRUE,,,,,
babel-preset-es2015-rollup,https://github.com/rollup/babel-preset-es2015-rollup,CHANGELOG.md,,,FALSE,,,,,
crypto-browserify,https://github.com/browserify/crypto-browserify,,,,FALSE,,,,,
get-port,https://github.com/sindresorhus/get-port,,,,TRUE,,,,,
validate-npm-package-name,https://github.com/npm/validate-npm-package-name,CHANGELOG.md,,,TRUE,,TRUE,,,http://npm.im/validate-npm-package-name
redux-logger,https://github.com/LogRocket/redux-logger,,,,TRUE,,,,,
@ckeditor/ckeditor5-link,https://github.com/ckeditor/ckeditor5,CHANGELOG.md,docs/updating/update-to-35.md,,TRUE,,TRUE,,,https://ckeditor.com
ghooks,https://github.com/gtramontina/ghooks,,,,FALSE,,,only one,,
ansi-styles,https://github.com/chalk/ansi-styles,,,,TRUE,,,,,
pkg-dir,https://github.com/sindresorhus/pkg-dir,,,,TRUE,,,,,
chart.js,https://github.com/chartjs/Chart.js,docs/migration/v3-migration.md,,,TRUE,,TRUE,,,https://www.chartjs.org/
validate-commit-msg,https://github.com/conventional-changelog/validate-commit-msg,,,,TRUE,,,,,http://conventionalcommits.org/
picomatch,https://github.com/micromatch/picomatch,CHANGELOG.md,,,FALSE,,,,,https://github.com/micromatch
mock-fs,https://github.com/tschaub/mock-fs,changelog.md,,,TRUE,,TRUE,,,https://npmjs.org/package/mock-fs
gulp-notify,https://github.com/mikaelbr/gulp-notify,CHANGELOG.md,,,TRUE,,,,,
jest-fetch-mock,https://github.com/jefflau/jest-fetch-mock,,,,FALSE,,,no,,
is-wsl,https://github.com/sindresorhus/is-wsl,,,,TRUE,,,,,
@ckeditor/ckeditor5-image,https://github.com/ckeditor/ckeditor5,CHANGELOG.md,,docs/updating/update-to-35.md,TRUE,,TRUE,,,https://ckeditor.com
@open-wc/testing,https://github.com/open-wc/open-wc,packages/testing/CHANGELOG.md,,,TRUE,,,,,https://open-wc.org/
grunt-karma,https://github.com/karma-runner/grunt-karma,CHANGELOG.md,,,TRUE,,TRUE,,,
snazzy,https://github.com/feross/snazzy,,,,FALSE,,,no,,https://standardjs.com
lolex,https://github.com/sinonjs/lolex,CHANGELOG.md,,,TRUE,,TRUE,,,
glob-parent,https://github.com/gulpjs/glob-parent,CHANGELOG.md,,,TRUE,,,,,
unified,https://github.com/unifiedjs/unified,,,,TRUE,,TRUE,,,https://unifiedjs.com
is-fullwidth-code-point,https://github.com/sindresorhus/is-fullwidth-code-point,,,,TRUE,,,,,
@mdx-js/react,https://github.com/mdx-js/mdx,,,,TRUE,,TRUE,,,https://mdxjs.com
@ckeditor/ckeditor5-block-quote,https://github.com/ckeditor/ckeditor5,CHANGELOG.md,docs/updating/update-to-35.md,,TRUE,,TRUE,,,https://ckeditor.com
babel-plugin-transform-jsbi-to-bigint,https://github.com/GoogleChromeLabs/babel-plugin-transform-jsbi-to-bigint,,,,FALSE,,,only one,,https://v8.dev/features/bigint#polyfilling-transpiling
react-color,https://github.com/casesandberg/react-color,,,,TRUE,,,no,,http://casesandberg.github.io/react-color/
decimal.js-light,https://github.com/MikeMcl/decimal.js-light,CHANGELOG.md,,,FALSE,,,,,http://mikemcl.github.io/decimal.js-light
grunt-browserify,https://github.com/jmreidy/grunt-browserify,CHANGELOG.md,,,FALSE,,,,,
object-hash,https://github.com/puleos/object-hash,,,readme.markdown,FALSE,,,,,
grunt-contrib-coffee,https://github.com/gruntjs/grunt-contrib-coffee,CHANGELOG,,README.md,FALSE,,,,,http://gruntjs.com/
eslint-plugin-react-native,https://github.com/intellicode/eslint-plugin-react-native,,,,FALSE,,,no,,
ember-cli-eslint,https://github.com/ember-cli/ember-cli-eslint,CHANGELOG.md,,,TRUE,,TRUE,,,
pako,https://github.com/nodeca/pako,CHANGELOG.md,,,FALSE,,,,,http://nodeca.github.io/pako/
@ckeditor/ckeditor5-table,https://github.com/ckeditor/ckeditor5,CHANGELOG.md,docs/updating/update-to-35.md,,TRUE,,TRUE,,,https://ckeditor.com
eslint-config-egg,https://github.com/eggjs/eslint-config-egg,CHANGELOG.md,,,TRUE,,TRUE,,,http://eggjs.org
grunt-contrib-cssmin,https://github.com/gruntjs/grunt-contrib-cssmin,"CHANGELOG
",,README.md,FALSE,,,,,http://gruntjs.com/
elliptic,https://github.com/indutny/elliptic,,,,FALSE,,,no,,
global,https://github.com/Raynos/global,,,,FALSE,,,,,
prettier-plugin-solidity,https://github.com/prettier-solidity/prettier-plugin-solidity,,,,TRUE,,TRUE,,,https://t.me/+kgTgkFgIwJkwMjcx
react-native-svg,https://github.com/react-native-community/react-native-svg,,,,TRUE,,,,,
wrappy,https://github.com/npm/wrappy,,,,FALSE,,TRUE, no,,
nunjucks,https://github.com/mozilla/nunjucks,CHANGELOG.md,,,TRUE,,,no,,https://mozilla.github.io/nunjucks/
yorkie,https://github.com/yyx990803/yorkie,CHANGELOG.md,,,FALSE,,,only one,,
@ckeditor/ckeditor5-autoformat,https://github.com/ckeditor/ckeditor5,CHANGELOG.md,docs/updating/update-to-35.md,,TRUE,,TRUE,,,https://ckeditor.com
depd,https://github.com/dougwilson/nodejs-depd,,,,FALSE,History.md,,,,
bip39,https://github.com/bitcoinjs/bip39,CHANGELOG.md,,,FALSE,,TRUE,,,
uppercamelcase,https://github.com/samverschueren/uppercamelcase,,,,FALSE,,,no,,
color-name,https://github.com/colorjs/color-name,,,,TRUE,,,,,
@ckeditor/ckeditor5-editor-classic,https://github.com/ckeditor/ckeditor5,CHANGELOG.md,docs/updating/update-to-35.md,,TRUE,,TRUE,,,https://ckeditor.com
command-line-args,https://github.com/75lb/command-line-args,,,,TRUE,,,,,
grunt-eslint,https://github.com/sindresorhus/grunt-eslint,,,,TRUE,,,,,
anymatch,https://github.com/micromatch/anymatch,,,README.md,TRUE,,,,,
qrcode,https://github.com/soldair/node-qrcode,CHANGELOG.md,,,FALSE,,,,,
ansi-escapes,https://github.com/sindresorhus/ansi-escapes,,,,TRUE,,,,,
rollup-plugin-cleanup,https://github.com/aMarCruz/rollup-plugin-cleanup,CHANGELOG.md,,README.md,TRUE,,,,,
fs.realpath,https://github.com/isaacs/fs.realpath,,,,FALSE,,,only one,,
prettier-eslint-cli,https://github.com/prettier/prettier-eslint-cli,CHANGELOG.md,,,TRUE,,TRUE,,,https://npm.im/prettier-eslint-cli
svg-sprite-loader,https://github.com/JetBrains/svg-sprite-loader,CHANGELOG.md,,README.md,TRUE,2.0.md,TRUE,,,
toformat,https://github.com/MikeMcl/toFormat,,,,FALSE,,,no,,
string_decoder,https://github.com/nodejs/string_decoder,,,,FALSE,,,no,,
warning,https://github.com/BerkeleyTrue/warning,CHANGELOG.md,,,TRUE,,,,,
eslint-plugin-ember,https://github.com/ember-cli/eslint-plugin-ember,CHANGELOG.md,,,TRUE,,TRUE,,,
bun-types,https://github.com/oven-sh/bun,,,,TRUE,,TRUE,,,https://bun.sh
gulp-filter,https://github.com/sindresorhus/gulp-filter,,,,TRUE,,,,,
mz,https://github.com/normalize/mz,,,,FALSE,HISTORY.md,,,,
fast-xml-parser,https://github.com/NaturalIntelligence/fast-xml-parser,CHANGELOG.md,,,TRUE,,,,,https://naturalintelligence.github.io/fast-xml-parser/
decimal.js,https://github.com/MikeMcl/decimal.js,CHANGELOG.md,,,FALSE,,,,,http://mikemcl.github.io/decimal.js
@sveltejs/vite-plugin-svelte,https://github.com/sveltejs/vite-plugin-svelte,packages/vite-plugin-svelte/CHANGELOG.md,,,TRUE,,TRUE,,,
fast-json-stable-stringify,https://github.com/epoberezkin/fast-json-stable-stringify,,,,TRUE,,,,,
pretty-bytes,https://github.com/sindresorhus/pretty-bytes,,,,TRUE,,,,,
html-minifier,https://github.com/kangax/html-minifier,,,,TRUE,,,,,http://kangax.github.io/html-minifier/
tinycolor2,https://github.com/bgrins/TinyColor,,,,FALSE,,,no,,https://bgrins.github.io/TinyColor/
rollup-plugin-css-only,https://github.com/thgh/rollup-plugin-css-only,CHANGELOG.md,,,TRUE,,,,,
leaflet,https://github.com/Leaflet/Leaflet,CHANGELOG.md,,,TRUE,,TRUE,,,https://leafletjs.com
chai-spies,https://github.com/chaijs/chai-spies,,,,TRUE,History.md,,,,
readline,https://github.com/maleck13/readline,,,,FALSE,,,no,,
@ckeditor/ckeditor5-indent,https://github.com/ckeditor/ckeditor5,CHANGELOG.md,docs/updating/update-to-35.md,,TRUE,,TRUE,,,https://ckeditor.com
ansi-colors,https://github.com/doowb/ansi-colors,,,,FALSE,,,no,,
numeral,https://github.com/adamwdraper/Numeral-js,,,README.md,FALSE,,,,,http://numeraljs.com
brfs,https://github.com/substack/brfs,,,,TRUE,,,,,
karma-ie-launcher,https://github.com/karma-runner/karma-ie-launcher,CHANGELOG.md,,,TRUE,,,,,
convert-source-map,https://github.com/thlorenz/convert-source-map,,,,FALSE,,,no,,
tweetnacl,https://github.com/dchest/tweetnacl-js,CHANGELOG.md,,,TRUE,,,,,https://tweetnacl.js.org
stylelint-config-recommended,https://github.com/stylelint/stylelint-config-recommended,CHANGELOG.md,,,TRUE,,,,,
fill-range,https://github.com/jonschlinkert/fill-range,,,,FALSE,,,,,
@ckeditor/ckeditor5-paste-from-office,https://github.com/ckeditor/ckeditor5,CHANGELOG.md,docs/updating/update-to-35.md,,TRUE,,TRUE,,,https://ckeditor.com
recursive-readdir,https://github.com/jergason/recursive-readdir,,,,FALSE,,,,,
object.assign,https://github.com/ljharb/object.assign,CHANGELOG.md,,,FALSE,,,,,https://tc39.es/ecma262/#sec-object.assign
dompurify,https://github.com/cure53/DOMPurify,,,,TRUE,,,,,https://cure53.de/purify
statuses,https://github.com/jshttp/statuses,,,,FALSE,HISTORY.md,,,,
@ckeditor/ckeditor5-media-embed,https://github.com/ckeditor/ckeditor5,CHANGELOG.md,docs/updating/update-to-35.md,,TRUE,,TRUE,,,https://ckeditor.com
jest-serializer-vue,https://github.com/eddyerburgh/jest-serializer-vue,CHANGELOG.md,,,FALSE,,,,,
serialize-javascript,https://github.com/yahoo/serialize-javascript,,,,TRUE,,,,,
bytes,https://github.com/visionmedia/bytes.js,,,,FALSE,History.md,,,,
filesize,https://github.com/avoidwork/filesize.js,CHANGELOG.md,,,FALSE,,,,,https://filesizejs.com
cli-color,https://github.com/medikoo/cli-color,CHANGELOG.md,,,TRUE,,,,,
esdoc,https://github.com/esdoc/esdoc,CHANGELOG.md,manual/migration.md,,FALSE,,,,,https://esdoc.org
to-regex-range,https://github.com/micromatch/to-regex-range,,,,FALSE,,,no,,https://github.com/jonschlinkert
app-root-path,https://github.com/inxilpro/node-app-root-path,,,README.md,TRUE,,,,,
figures,https://github.com/sindresorhus/figures,,,,TRUE,,,,,
delay,https://github.com/sindresorhus/delay,,,,TRUE,,,,,
localforage,https://github.com/localForage/localForage,CHANGELOG.md,,,TRUE,,,,,https://localforage.github.io/localForage
rollup-plugin-svelte,https://github.com/sveltejs/rollup-plugin-svelte,CHANGELOG.md,,,FALSE,,,,,
@eslint/eslintrc,https://github.com/eslint/eslintrc,CHANGELOG.md,,,TRUE,,TRUE,,,
unist-util-visit,https://github.com/syntax-tree/unist-util-visit,,,,TRUE,,TRUE,,,https://unifiedjs.com
axe-core,https://github.com/dequelabs/axe-core,CHANGELOG.md,,,TRUE,,TRUE,,,https://www.deque.com/axe/
requireindex,https://github.com/stephenhandley/requireindex,,,,FALSE,,,only one,,
node-forge,https://github.com/digitalbazaar/forge,CHANGELOG.md,,,FALSE,,,,,https://digitalbazaar.com/
locate-path,https://github.com/sindresorhus/locate-path,,,,TRUE,,,,,
gzip-size,https://github.com/sindresorhus/gzip-size,,,,TRUE,,,,,
selenium-server,https://github.com/eugeneware/selenium-server,,,,FALSE,,,only one,,
inject-loader,https://github.com/plasticine/inject-loader,CHANGELOG.md,,,FALSE,,,,,https://www.npmjs.com/package/inject-loader
jest-canvas-mock,https://github.com/hustcc/jest-canvas-mock,CHANGELOG.md,,,FALSE,,,,,https://github.com/hustcc/jest-canvas-mock
babel-plugin-react-transform,https://github.com/gaearon/babel-plugin-react-transform,,,,TRUE,,,,,
hammerjs,https://github.com/hammerjs/hammer.js,CHANGELOG.md,,,FALSE,,TRUE,,,http://hammerjs.github.io
gulp-tslint,https://github.com/panuhorsmalahti/gulp-tslint,CHANGELOG.md,,,FALSE,,,,,
vows,https://github.com/cloudhead/vows,CHANGELOG.md,,,FALSE,,,,,http://vowsjs.org
gatsby,https://github.com/gatsbyjs/gatsby,packages/gatsby/CHANGELOG.md,,,TRUE,docs/docs/reference/release-notes/*,TRUE,,,https://www.gatsbyjs.com
gulp-connect,https://github.com/avevlad/gulp-connect,,,,FALSE,,,no,,https://npmjs.org/package/gulp-connect
is-extglob,https://github.com/jonschlinkert/is-extglob,,,,FALSE,,,no,,https://github.com/jonschlinkert
p-locate,https://github.com/sindresorhus/p-locate,,,,TRUE,,,,,
mocha-junit-reporter,https://github.com/michaelleeallen/mocha-junit-reporter,,,,TRUE,,,,,
is-core-module,https://github.com/inspect-js/is-core-module,CHANGELOG.md,,,FALSE,,,,,
axios-mock-adapter,https://github.com/ctimmerm/axios-mock-adapter,,,README.md,TRUE,,TRUE,,,
isarray,https://github.com/juliangruber/isarray,,,,FALSE,,,no,,
babel-plugin-macros,https://github.com/kentcdodds/babel-plugin-macros,,,,TRUE,,,,,https://npm.im/babel-plugin-macros
hapi,https://github.com/hapijs/hapi,,,,FALSE,,TRUE,,,https://hapi.dev
tsc,https://github.com/basarat/tsc,,,,FALSE,,,only one,,https://www.npmjs.com/package/tsc
cli-progress,https://github.com/npkgz/cli-progress,CHANGES.md,,,FALSE,,,,,https://www.npmjs.com/package/cli-progress
grunt-shell,https://github.com/sindresorhus/grunt-shell,,,,TRUE,,,,,
acorn-jsx,https://github.com/acornjs/acorn-jsx,,,,FALSE,,,no,,
eslint-watch,https://github.com/rizowski/eslint-watch,,,,TRUE,,,,,https://www.npmjs.com/package/eslint-watch
configstore,https://github.com/yeoman/configstore,,,,TRUE,,,,,
react-modal,https://github.com/reactjs/react-modal,CHANGELOG.md,,,FALSE,,,,,http://reactcommunity.org/react-modal
selenium-webdriver,https://github.com/SeleniumHQ/selenium,CHANGES.md,,,TRUE,,TRUE,,,https://selenium.dev
gulp-imagemin,https://github.com/sindresorhus/gulp-imagemin,,,,TRUE,,,,,
exports-loader,https://github.com/webpack-contrib/exports-loader,CHANGELOG.md,,,TRUE,,TRUE,,,
espree,https://github.com/eslint/js,packages/espree/CHANGELOG.md,,,TRUE,,TRUE,,,
sw-precache-webpack-plugin,https://github.com/goldhand/sw-precache-webpack-plugin,CHANGELOG.md,,,FALSE,,,,,
callsites,https://github.com/sindresorhus/callsites,,,,TRUE,,,,,
jest-pnp-resolver,https://github.com/arcanis/jest-pnp-resolver,,,,FALSE,,,only one,,
swagger-ui-express,https://github.com/scottie1984/swagger-ui-express,,,,FALSE,,,no,,
prettier-plugin-java,https://github.com/jhipster/prettier-java,CHANGELOG.md,,,TRUE,,,,,http://www.jhipster.tech/prettier-java/
formidable,https://github.com/node-formidable/formidable,CHANGELOG.md,,,TRUE,VERSION_NOTES.md,,,,
json-stringify-safe,https://github.com/isaacs/json-stringify-safe,CHANGELOG.md,,,FALSE,,,no,,
flatted,https://github.com/WebReflection/flatted,,,,FALSE,,,no,,
uri-js,https://github.com/garycourt/uri-js,,,README.md,FALSE,,,,,
colorette,https://github.com/jorgebucaran/colorette,,,,TRUE,,,,,
ember-source-channel-url,https://github.com/rwjblue/ember-source-channel-url,CHANGELOG.md,,,TRUE,,TRUE,,,
long,https://github.com/dcodeIO/long.js,,,,TRUE,,,,,
react-syntax-highlighter,https://github.com/react-syntax-highlighter/react-syntax-highlighter,CHANGELOG.MD,,,TRUE,,TRUE,,,http://react-syntax-highlighter.github.io/react-syntax-highlighter/demo/
api-chat-fanpage-facebook,https://github.com/OraliePham/api-chatfb,,,,FALSE,,,only-one,,
autod,https://github.com/node-modules/autod,,,,FALSE,History.md,,,,
npm-run-all2,https://github.com/bcomnes/npm-run-all2,CHANGELOG.md,,,TRUE,,,,,
eslint-plugin-eslint-plugin,https://github.com/eslint-community/eslint-plugin-eslint-plugin,CHANGELOG.md,,,TRUE,,TRUE,,,
pino-pretty,https://github.com/pinojs/pino-pretty,,,,TRUE,,TRUE,,,
lab,https://github.com/hapijs/lab,,,,FALSE,,TRUE,,,
webpack-sources,https://github.com/webpack/webpack-sources,,,,TRUE,,,,,
sweetalert2,https://github.com/sweetalert2/sweetalert2,CHANGELOG.md,,,TRUE,,TRUE,,,https://sweetalert2.github.io
esutils,https://github.com/estools/esutils,,,,FALSE,,,no,,
mime-db,https://github.com/jshttp/mime-db,,,,TRUE,HISTORY.md,,,,
@ckeditor/ckeditor5-typing,https://github.com/ckeditor/ckeditor5,CHANGELOG.md,docs/updating/update-to-35.md,,TRUE,,TRUE,,,https://ckeditor.com
jsesc,https://github.com/mathiasbynens/jsesc,,,,FALSE,,,no,,https://mths.be/jsesc
shebang-command,https://github.com/kevva/shebang-command,,,,FALSE,,,no,,
shebang-regex,https://github.com/sindresorhus/shebang-regex,,,,TRUE,,,,,
better-sqlite3,https://github.com/WiseLibs/better-sqlite3,,,README.md,TRUE,,TRUE,,,
readdirp,https://github.com/paulmillr/readdirp,,,README.md,FALSE,,,,,
eslint-scope,https://github.com/eslint/js,packages/eslint-scope/CHANGELOG.md,,,TRUE,,TRUE,,,
brace-expansion,https://github.com/juliangruber/brace-expansion,,,,TRUE,,,,,
remark-cli,https://github.com/remarkjs/remark,,,,TRUE,,TRUE,,,https://remark.js.org
cli-spinners,https://github.com/sindresorhus/cli-spinners,,,,TRUE,,,,,
finalhandler,https://github.com/pillarjs/finalhandler,,,,TRUE,HISTORY.md,,,,
flat,https://github.com/hughsk/flat,,,,TRUE,,,,,
mimic-fn,https://github.com/sindresorhus/mimic-fn,,,,TRUE,,,,,
import-local,https://github.com/sindresorhus/import-local,,,,TRUE,,,,,
qunit,https://github.com/qunitjs/qunit,,docs/upgrade-guide-2.x.md,,TRUE,History.md,,,,https://qunitjs.com
matchdep,https://github.com/tkellen/js-matchdep,,,README.md,FALSE,,,,,
@storybook/addon-postcss,https://github.com/storybookjs/addon-postcss,CHANGELOG.md,,,TRUE,,,,,
file-type,https://github.com/sindresorhus/file-type,,,,TRUE,,,,,
doctrine,https://github.com/eslint/doctrine,CHANGELOG.md,,,TRUE,,TRUE,,,
fetch-mock,https://github.com/wheresrhys/fetch-mock,packages/fetch-mock/CHANGELOG.md,docs/docs/Usage/upgrade-guide.md,,TRUE,,TRUE,,,http://www.wheresrhys.co.uk/fetch-mock/
escalade,https://github.com/lukeed/escalade,,,,FALSE,,,,,
ua-parser-js,https://github.com/faisalman/ua-parser-js,CHANGELOG.md,,,TRUE,,TRUE,,,https://uaparser.dev/
react-popper,https://github.com/popperjs/react-popper,,,,TRUE,,,,,https://popper.js.org/react-popper/
send,https://github.com/pillarjs/send,,,,FALSE,HISTORY.md,,,,
image-webpack-loader,https://github.com/tcoopman/image-webpack-loader,CHANGELOG.md,,,FALSE,,,,,
@polymer/polymer,https://github.com/Polymer/polymer,CHANGELOG.md,,README.md,TRUE,,,,,https://polymer-library.polymer-project.org/
chance,https://github.com/chancejs/chancejs,,,,FALSE,,,no,,http://chancejs.com
import-fresh,https://github.com/sindresorhus/import-fresh,,,,TRUE,,,,,
schema-utils,https://github.com/webpack/schema-utils,CHANGELOG.md,,,TRUE,,TRUE,,,
fuse.js,https://github.com/krisk/Fuse,CHANGELOG.md,,,TRUE,,,,,https://fusejs.io/
is-number,https://github.com/jonschlinkert/is-number,,,README.md,FALSE,,,,,https://github.com/jonschlinkert
coffeescript,https://github.com/jashkenas/coffeescript,,,,FALSE,documentation/sections/breaking_changes*.md,TRUE,,,https://coffeescript.org/
remark,https://github.com/remarkjs/remark,,,,TRUE,,TRUE,,,https://remark.js.org
json-schema-traverse,https://github.com/epoberezkin/json-schema-traverse,,,,,,,,,
find-cache-dir,https://github.com/sindresorhus/find-cache-dir,,,,TRUE,,,,,
karma-sinon,https://github.com/yanoosh/karma-sinon,,,,FALSE,,, no,,
object-inspect,https://github.com/inspect-js/object-inspect,CHANGELOG.md,,,TRUE,,,,,
stylelint-prettier,https://github.com/prettier/stylelint-prettier,CHANGELOG.md,,,FALSE,,,,,
yocto-queue,https://github.com/sindresorhus/yocto-queue,,,,TRUE,,,,,
node-cache,https://github.com/node-cache/node-cache,,,README.md,TRUE,,,,,
gulp-cli,https://github.com/gulpjs/gulp-cli,CHANGELOG.md,,,TRUE,,,,,
he,https://github.com/mathiasbynens/he,,,,FALSE,,,no,,https://mths.be/he
ember-maybe-import-regenerator,https://github.com/machty/ember-maybe-import-regenerator,,,,FALSE,,,no,,
start-server-and-test,https://github.com/bahmutov/start-server-and-test,,,,TRUE,,,,,
decamelize,https://github.com/sindresorhus/decamelize,,,,TRUE,,,,,
copy-to-clipboard,https://github.com/sudodoki/copy-to-clipboard,,,,TRUE,,,,,http://sudodoki.github.io/copy-to-clipboard/example/
open-cli,https://github.com/sindresorhus/open-cli,,,,TRUE,,,,,
JSONStream,https://github.com/dominictarr/JSONStream,,,,FALSE,,,,,
@fortawesome/free-regular-svg-icons,https://github.com/FortAwesome/Font-Awesome,,,,FALSE,,TRUE,,,https://fontawesome.com
in-publish,https://github.com/iarna/in-publish,,,,FALSE,,,,,
d3-scale,https://github.com/d3/d3-scale,,,,TRUE,,,,,https://d3js.org/d3-scale
zx,https://github.com/google/zx,,docs/migration-from-v7.md,,TRUE,,,,,https://google.github.io/zx/
strip-bom,https://github.com/sindresorhus/strip-bom,,,,TRUE,,,,,
pinst,https://github.com/typicode/pinst,,,,TRUE,,,,,
bl,https://github.com/rvagg/bl,CHANGELOG.md,,,TRUE,,,,,
null-loader,https://github.com/webpack-contrib/null-loader,CHANGELOG.md,,,TRUE,,TRUE,,,
tempy,https://github.com/sindresorhus/tempy,,,,TRUE,,,,,
fast-levenshtein,https://github.com/hiddentao/fast-levenshtein,,,,FALSE,,,no,,
pm2,https://github.com/Unitech/pm2,CHANGELOG.md,,,TRUE,,TRUE,,,https://pm2.keymetrics.io/docs/usage/quick-start/
code,https://github.com/hapijs/code,,,,FALSE,,TRUE,,https://hapi.dev/module/code/changelog/,
slugify,https://github.com/simov/slugify,,,,FALSE,,,only one,,
sort-package-json,https://github.com/keithamus/sort-package-json,,,,TRUE,,TRUE,,,
gulp-size,https://github.com/sindresorhus/gulp-size,,,,TRUE,,,,,
madge,https://github.com/pahen/madge,CHANGELOG.md,,,FALSE,,,,,
depcheck,https://github.com/depcheck/depcheck,CHANGELOG.md,,,TRUE,,TRUE,,,
solhint,https://github.com/protofire/solhint,CHANGELOG.md,,,TRUE,,TRUE,,,https://protofire.github.io/solhint/
rc,https://github.com/dominictarr/rc,,,,FALSE,,,,,
eventemitter2,https://github.com/hij1nx/EventEmitter2,CHANGELOG.md,,,TRUE,,,,,
base64-js,https://github.com/beatgammit/base64-js,,,,FALSE,,,no,,
json-templater,https://github.com/lightsofapollo/json-templater,,,,FALSE,,,no,,
vinyl-fs,https://github.com/gulpjs/vinyl-fs,CHANGELOG.md,,,TRUE,,,,,
has,https://github.com/tarruda/has,,,,FALSE,,TRUE,,,
enhanced-resolve,https://github.com/webpack/enhanced-resolve,,,,TRUE,,TRUE,,,
eslint-plugin-svelte3,https://github.com/sveltejs/eslint-plugin-svelte3,CHANGELOG.md,,,FALSE,,,,,
mathjs,https://github.com/josdejong/mathjs,,,,FALSE,HISTORY.md,,,,https://mathjs.org
websocket,https://github.com/theturtle32/WebSocket-Node,CHANGELOG.md,,,FALSE,,,,,
karma-babel-preprocessor,https://github.com/babel/karma-babel-preprocessor,,,,FALSE,,,no,,
run-parallel,https://github.com/feross/run-parallel,,,,FALSE,,,,,
postcss-load-config,https://github.com/postcss/postcss-load-config,CHANGELOG.md,,,TRUE,,TRUE,,,
@ckeditor/ckeditor5-alignment,https://github.com/ckeditor/ckeditor5,CHANGELOG.md,docs/updating/update-to-35.md,,TRUE,,TRUE,,,https://ckeditor.com
react-copy-to-clipboard,https://github.com/nkbt/react-copy-to-clipboard,,,,TRUE,,,,,
ci-info,https://github.com/watson/ci-info,CHANGELOG.md,,,TRUE,,,,,
buffer-from,https://github.com/LinusU/buffer-from,,,,FALSE,,,,,
semistandard,https://github.com/standard/semistandard,CHANGELOG.md,,,FALSE,,,,https://standardjs.com/changelog,
@ckeditor/ckeditor5-core,https://github.com/ckeditor/ckeditor5,CHANGELOG.md,docs/updating/update-to-35.md,,TRUE,,TRUE,,,https://ckeditor.com
precss,https://github.com/jonathantneal/precss,CHANGELOG.md,,,FALSE,,,,,https://jonathantneal.github.io/precss/
node-releases,https://github.com/chicoxyzzy/node-releases,,,,FALSE,,,,,
eslint-config-oclif-typescript,https://github.com/oclif/eslint-config-oclif-typescript,CHANGELOG.md,,,TRUE,,TRUE,,,
read-pkg,https://github.com/sindresorhus/read-pkg,,,,TRUE,,,,,
ember-cli-content-security-policy,https://github.com/rwjblue/ember-cli-content-security-policy,CHANGELOG.md,,,TRUE,,TRUE,,,
passport-local,https://github.com/jaredhanson/passport-local,,,,FALSE,,,no,,https://www.passportjs.org/packages/passport-local/?utm_source=github&utm_medium=referral&utm_campaign=passport-local&utm_content=about
flow-copy-source,https://github.com/Macil/flow-copy-source,CHANGELOG.md,,,FALSE,,,,,
@ionic/prettier-config,https://github.com/ionic-team/prettier-config,,,,FALSE,,,no,,
ember-cli-ic-ajax,https://github.com/rjackson/ember-cli-ic-ajax,,,,FALSE,,,only one,,
react-draggable,https://github.com/react-grid-layout/react-draggable,CHANGELOG.md,,,TRUE,,,,,
path-type,https://github.com/sindresorhus/path-type,,,,TRUE,,,,,
node-libs-browser,https://github.com/webpack/node-libs-browser,,,README.md,TRUE,,TRUE,,,
egg-ci,https://github.com/eggjs/egg-ci,,,,FALSE,History.md,,,,
gulp-debug,https://github.com/sindresorhus/gulp-debug,,,,TRUE,,,,,
toidentifier,https://github.com/component/toidentifier,,,,FALSE,,,,,
remark-parse,https://github.com/remarkjs/remark,,,,TRUE,,TRUE,,,https://remark.js.org
animate.css,https://github.com/animate-css/animate.css,,docsSource/sections/06-migration.md,,FALSE,,,,,https://animate.style/
download,https://github.com/kevva/download,,,,TRUE,,,,,
jsonschema,https://github.com/tdegrunt/jsonschema,,,,FALSE,,,no,,
gulp-coffee,https://github.com/gulp-community/gulp-coffee,,,,FALSE,,,no,,
jscodeshift,https://github.com/facebook/jscodeshift,CHANGELOG.md,,,TRUE,,,,,https://jscodeshift.com
i18next-browser-languagedetector,https://github.com/i18next/i18next-browser-languageDetector,CHANGELOG.md,,,FALSE,,,,,
@ckeditor/ckeditor5-font,https://github.com/ckeditor/ckeditor5,CHANGELOG.md,docs/updating/update-to-35.md,,TRUE,,TRUE,,,https://ckeditor.com
create-react-class,https://github.com/facebook/react,CHANGELOG.md,,,TRUE,,TRUE,,,https://react.dev
chokidar-cli,https://github.com/open-npm-tools/chokidar-cli,,,,TRUE,,,,,https://www.npmjs.com/package/chokidar-cli
test,https://github.com/nodejs/node-core-test,CHANGELOG.md,,,TRUE,,,,,
thread-loader,https://github.com/webpack-contrib/thread-loader,CHANGELOG.md,,,TRUE,,TRUE,,,
jest-enzyme,https://github.com/FormidableLabs/enzyme-matchers,CHANGELOG.md,,,TRUE,,TRUE,,,
@stitches/react,https://github.com/stitchesjs/stitches,,,,TRUE,,,,,https://stitches.dev
swiftlint,https://github.com/ionic-team/swiftlint,,,,FALSE,,,no,,
metalsmith,https://github.com/metalsmith/metalsmith,CHANGELOG.md,,,TRUE,,,,,https://metalsmith.io
@ckeditor/ckeditor5-dev-webpack-plugin,https://github.com/ckeditor/ckeditor5-dev,CHANGELOG.md,,,TRUE,,TRUE,,,https://ckeditor.com/ckeditor-5
rollup-plugin-alias,https://github.com/frostney/rollup-plugin-alias,CHANGELOG.md,,,FALSE,,,,,
gsap,https://github.com/greensock/GSAP,,,,FALSE,,,no,,https://gsap.com
require-from-string,https://github.com/floatdrop/require-from-string,,,,FALSE,,,no,,
pdfjs-dist,https://github.com/mozilla/pdf.js,,,,TRUE,,TRUE,,,https://mozilla.github.io/pdf.js/
live-server,https://github.com/tapio/live-server,,,README.md,FALSE,,,,,http://tapiov.net/live-server/
@fortawesome/free-brands-svg-icons,https://github.com/FortAwesome/Font-Awesome,,,,FALSE,,TRUE,,https://fontawesome.com/changelog;https://docs.fontawesome.com/web/setup/upgrade/whats-changed,https://fontawesome.com
accepts,https://github.com/jshttp/accepts,,,,TRUE,HISTORY.md,,,,
es5-shim,https://github.com/es-shims/es5-shim,CHANGELOG.md,,,TRUE,,,,,
indent-string,https://github.com/sindresorhus/indent-string,,,,TRUE,,,,,
y18n,https://github.com/yargs/y18n,CHANGELOG.md,,,TRUE,,,,,
egg-mock,https://github.com/eggjs/egg-mock,CHANGELOG.md,,,TRUE,,,,,
doctoc,https://github.com/thlorenz/doctoc,,,,FALSE,,,no,,https://www.npmjs.com/package/doctoc
flow-typed,https://github.com/flow-typed/flow-typed,CHANGELOG.md,,,TRUE,,,,,https://flow-typed.github.io/flow-typed/
react-window,https://github.com/bvaughn/react-window,CHANGELOG.md,,,TRUE,,,,,https://react-window.now.sh/
http-errors,https://github.com/jshttp/http-errors,,,,FALSE,HISTORY.md,,,,
@vue/eslint-config-airbnb,https://github.com/vuejs/eslint-config-airbnb,packages/eslint-config-airbnb/CHANGELOG.md,,,TRUE,,,,,
emotion,https://github.com/emotion-js/emotion,CHANGELOG.md,,,TRUE,,TRUE,,,https://emotion.sh/
git-cz,https://github.com/streamich/git-cz,CHANGELOG.md,,,TRUE,,TRUE,,,
docdash,https://github.com/clenemt/docdash,CHANGELOG.md,,,TRUE,,,,,http://clenemt.github.io/docdash/
nconf,https://github.com/flatiron/nconf,CHANGELOG.md,,,TRUE,,TRUE,,,https://github.com/indexzero/nconf
debounce,https://github.com/sindresorhus/debounce,,,,TRUE,,,,,
google-protobuf,https://github.com/protocolbuffers/protobuf-javascript,,,,FALSE,,TRUE,,,
gulp-nsp,https://github.com/nodesecurity/gulp-nsp,,,,FALSE,,,no,,
mockery,https://github.com/mfncooper/mockery,,,,FALSE,,,only one,,
ember-qunit,https://github.com/emberjs/ember-qunit,CHANGELOG.md,,,TRUE,,TRUE,,,
npm-run-path,https://github.com/sindresorhus/npm-run-path,,,,TRUE,,,,,
@ember/optional-features,https://github.com/emberjs/ember-optional-features,CHANGELOG.md,,,TRUE,,TRUE,,,
path-key,https://github.com/sindresorhus/path-key,,,,TRUE,,,,,
mockdate,https://github.com/boblauer/MockDate,CHANGELOG.md,,,FALSE,,,,,
nopt,https://github.com/npm/nopt,CHANGELOG.md,,,TRUE,,TRUE,,,
redux-mock-store,https://github.com/arnaudbenard/redux-mock-store,,,,TRUE,,,,,
json-stable-stringify,https://github.com/ljharb/json-stable-stringify,CHANGELOG.md,,,FALSE,,,,,
@ionic/swiftlint-config,https://github.com/ionic-team/swiftlint-config,,,,FALSE,,,no,,
esrecurse,https://github.com/estools/esrecurse,,,,FALSE,,,no,,
autoprefixer-loader,https://github.com/passy/autoprefixer-loader,,,README.md,FALSE,,,,,
@rollup/pluginutils,https://github.com/rollup/plugins,packages/pluginutils/CHANGELOG.md,,,FALSE,,TRUE,,,
karma-junit-reporter,https://github.com/karma-runner/karma-junit-reporter,CHANGELOG.md,,,TRUE,,,,,
rollup-plugin-license,https://github.com/mjeanroy/rollup-plugin-license,CHANGELOG.md,,README.md,FALSE,,,,,
isparta-loader,https://github.com/deepsweet/isparta-loader,,,,TRUE,,,,,
p-try,https://github.com/sindresorhus/p-try,,,,TRUE,,,,,
object-keys,https://github.com/ljharb/object-keys,CHANGELOG.md,,,FALSE,,,,,
gulp-git,https://github.com/stevelacy/gulp-git,,,,TRUE,,,,,
all-contributors-cli,https://github.com/all-contributors/all-contributors-cli,,,,TRUE,,,,,https://allcontributors.org
worker-loader,https://github.com/webpack-contrib/worker-loader,CHANGELOG.md,,,TRUE,,TRUE,,,
remark-gfm,https://github.com/remarkjs/remark-gfm,,,,FALSE,,FALSE,no,,https://remark.js.org
gulp-changed,https://github.com/sindresorhus/gulp-changed,,,,TRUE,,,,,
react-virtualized,https://github.com/bvaughn/react-virtualized,CHANGELOG.md,,,FALSE,,TRUE,,,http://bvaughn.github.io/react-virtualized/
reactstrap,https://github.com/reactstrap/reactstrap,CHANGELOG.md,,,TRUE,,TRUE,,,https://reactstrap.github.io
cli-cursor,https://github.com/sindresorhus/cli-cursor,,,,TRUE,,,,,
get-stream,https://github.com/sindresorhus/get-stream,,,,TRUE,,,,,
hosted-git-info,https://github.com/npm/hosted-git-info,CHANGELOG.md,,,TRUE,,TRUE,,,
tapable,https://github.com/webpack/tapable,,,,TRUE,,,,,
parent-module,https://github.com/sindresorhus/parent-module,,,,TRUE,,,,,
sax,https://github.com/isaacs/sax-js,,,,FALSE,,,no,,
expose-loader,https://github.com/webpack-contrib/expose-loader,CHANGELOG.md,,,TRUE,,TRUE,,,
blanket,https://github.com/alex-seville/blanket,,,,FALSE,,,only one,,http://blanketjs.org
lodash.uniq,https://github.com/lodash/lodash,,,,TRUE,,,,https://github.com/lodash/lodash/wiki/Changelog,https://lodash.com/
lite-server,https://github.com/johnpapa/lite-server,,,,FALSE,,,,,
eslint-visitor-keys,https://github.com/eslint/js,packages/eslint-visitor-keys/CHANGELOG.md,,,TRUE,,TRUE,,,
chai-http,https://github.com/chaijs/chai-http,,,,TRUE,History.md,,,,http://chaijs.com/plugins/chai-http
common-tags,https://github.com/zspecza/common-tags,,,,TRUE,,,,,
node,https://github.com/aredridel/node-bin-gen,,,,FALSE,,,no,,
@polymer/iron-demo-helpers,https://github.com/PolymerElements/iron-demo-helpers,,,,FALSE,,TRUE,,,https://webcomponents.org/element/PolymerElements/iron-demo-helpers
plop,https://github.com/plopjs/plop,packages/plop/CHANGELOG.md,,,TRUE,,,,,http://plopjs.com
isobject,https://github.com/jonschlinkert/isobject,,,,TRUE,,,,,https://github.com/jonschlinkert
onetime,https://github.com/sindresorhus/onetime,,,,TRUE,,,,,
lodash.set,https://github.com/lodash/lodash,CHANGELOG,,,TRUE,,,,,https://lodash.com/
typescript-eslint-parser,https://github.com/eslint/typescript-eslint-parser,CHANGELOG.md,,,TRUE,,TRUE,,,
types,https://github.com/jestjs/jest,CHANGELOG.md,docs/MigrationGuide.md,,TRUE,website/*,TRUE,,,
follow-redirects,https://github.com/follow-redirects/follow-redirects,,,,FALSE,,,,,
grunt-jscs,https://github.com/jscs-dev/grunt-jscs,,,,TRUE,,,,,
eslint-plugin-filenames,https://github.com/selaux/eslint-plugin-filenames,,,README.md,FALSE,,,,,
csv-parse,https://github.com/adaltas/node-csv,CHANGELOG.md,,,FALSE,,TRUE,,,
hardhat-toolbox,https://github.com/nomicfoundation/hardhat,packages/hardhat-core/CHANGELOG.md,,,TRUE,,TRUE,,,
whatwg-url,https://github.com/jsdom/whatwg-url,,,,TRUE,,TRUE,,,
parse-json,https://github.com/sindresorhus/parse-json,,,,TRUE,,,,,
joi,https://github.com/hapijs/joi,,,,FALSE,,TRUE,,,https://joi.dev/resources/changelog/
react-beautiful-dnd,https://github.com/atlassian/react-beautiful-dnd,,docs/support/upgrading.md,,TRUE,,,,,
array-union,https://github.com/sindresorhus/array-union,,,,TRUE,,,,,
hoek,https://github.com/hapijs/hoek,,,,FALSE,,TRUE,,,
ajv-formats,https://github.com/ajv-validator/ajv-formats,,,,TRUE,,,,,
cli-table3,https://github.com/cli-table/cli-table3,CHANGELOG.md,,,TRUE,,TRUE,,,
cac,https://github.com/egoist/cac,,,,TRUE,,,,,
gulp-livereload,https://github.com/vohof/gulp-livereload,CHANGELOG.md,,,FALSE,,,,,
fancy-log,https://github.com/gulpjs/fancy-log,CHANGELOG.md,,,TRUE,,,,,
envify,https://github.com/hughsk/envify,,,,FALSE,,,no,,
jspdf,https://github.com/MrRio/jsPDF,,,,TRUE,,,,,
pirates,https://github.com/danez/pirates,,,,TRUE,,,,,
dirty-chai,https://github.com/prodatakey/dirty-chai,,,,FALSE,,,no,,
react-native-screens,https://github.com/software-mansion/react-native-screens,,,,TRUE,,TRUE,,,
es-abstract,https://github.com/ljharb/es-abstract,CHANGELOG.md,,,FALSE,,,,,
jose,https://github.com/panva/jose,CHANGELOG.md,,,TRUE,,,,,
bufferutil,https://github.com/websockets/bufferutil,,,,FALSE,,,no,,
plugin-proposal-private-methods,https://github.com/babel/babel,CHANGELOG.md,,,TRUE,,TRUE,,,
shell-quote,https://github.com/ljharb/shell-quote,CHANGELOG.md,,,FALSE,,,,,
user-home,https://github.com/sindresorhus/user-home,,,,FALSE,,,no,,
